,submission_date,state,tot_cases,conf_cases,prob_cases,new_case,pnew_case,tot_death,conf_death,prob_death,new_death,pnew_death,created_at,consent_cases,consent_deaths
19316,1/22/2020,MA,0,,,0,,0,,,0,,2020-03-26T16:22:39.452,Agree,Agree
32573,1/23/2020,MA,0,,,0,,0,,,0,,2020-03-26T16:22:39.452,Agree,Agree
28852,1/24/2020,MA,0,,,0,,0,,,0,,2020-03-26T16:22:39.452,Agree,Agree
31140,1/25/2020,MA,0,,,0,,0,,,0,,2020-03-26T16:22:39.452,Agree,Agree
33052,1/26/2020,MA,0,,,0,,0,,,0,,2020-03-26T16:22:39.452,Agree,Agree
31816,1/27/2020,MA,0,,,0,,0,,,0,,2020-03-26T16:22:39.452,Agree,Agree
16084,1/28/2020,MA,0,,,0,,0,,,0,,2020-03-26T16:22:39.452,Agree,Agree
33448,1/29/2020,MA,0,,,0,,0,,,0,,2020-03-26T16:22:39.452,Agree,Agree
30217,1/30/2020,MA,0,,,0,,0,,,0,,2020-03-26T16:22:39.452,Agree,Agree
21139,1/31/2020,MA,0,,,0,,0,,,0,,2020-03-26T16:22:39.452,Agree,Agree
29779,2/1/2020,MA,1,,,1,,0,,,0,,2020-03-26T16:22:39.452,Agree,Agree
29804,2/2/2020,MA,1,,,0,,0,,,0,,2020-03-26T16:22:39.452,Agree,Agree
28127,2/3/2020,MA,1,,,0,,0,,,0,,2020-03-26T16:22:39.452,Agree,Agree
27868,2/4/2020,MA,1,,,0,,0,,,0,,2020-03-26T16:22:39.452,Agree,Agree
19086,2/5/2020,MA,1,,,0,,0,,,0,,2020-03-26T16:22:39.452,Agree,Agree
32537,2/6/2020,MA,1,,,0,,0,,,0,,2020-03-26T16:22:39.452,Agree,Agree
16368,2/7/2020,MA,1,,,0,,0,,,0,,2020-03-26T16:22:39.452,Agree,Agree
22737,2/8/2020,MA,1,,,0,,0,,,0,,2020-03-26T16:22:39.452,Agree,Agree
22019,2/9/2020,MA,1,,,0,,0,,,0,,2020-03-26T16:22:39.452,Agree,Agree
18013,2/10/2020,MA,1,,,0,,0,,,0,,2020-03-26T16:22:39.452,Agree,Agree
22392,2/11/2020,MA,1,,,0,,0,,,0,,2020-03-26T16:22:39.452,Agree,Agree
32860,2/12/2020,MA,1,,,0,,0,,,0,,2020-03-26T16:22:39.452,Agree,Agree
34287,2/13/2020,MA,1,,,0,,0,,,0,,2020-03-26T16:22:39.452,Agree,Agree
32990,2/14/2020,MA,1,,,0,,0,,,0,,2020-03-26T16:22:39.452,Agree,Agree
20042,2/15/2020,MA,1,,,0,,0,,,0,,2020-03-26T16:22:39.452,Agree,Agree
19761,2/16/2020,MA,1,,,0,,0,,,0,,2020-03-26T16:22:39.452,Agree,Agree
21288,2/17/2020,MA,1,,,0,,0,,,0,,2020-03-26T16:22:39.452,Agree,Agree
29782,2/18/2020,MA,1,,,0,,0,,,0,,2020-03-26T16:22:39.452,Agree,Agree
21314,2/19/2020,MA,1,,,0,,0,,,0,,2020-03-26T16:22:39.452,Agree,Agree
17557,2/20/2020,MA,1,,,0,,0,,,0,,2020-03-26T16:22:39.452,Agree,Agree
31968,2/21/2020,MA,1,,,0,,0,,,0,,2020-03-26T16:22:39.452,Agree,Agree
16039,2/22/2020,MA,1,,,0,,0,,,0,,2020-03-26T16:22:39.452,Agree,Agree
20219,2/23/2020,MA,1,,,0,,0,,,0,,2020-03-26T16:22:39.452,Agree,Agree
21063,2/24/2020,MA,1,,,0,,0,,,0,,2020-03-26T16:22:39.452,Agree,Agree
34620,2/25/2020,MA,1,,,0,,0,,,0,,2020-03-26T16:22:39.452,Agree,Agree
19838,2/26/2020,MA,1,,,0,,0,,,0,,2020-03-26T16:22:39.452,Agree,Agree
27395,2/27/2020,MA,1,,,0,,0,,,0,,2020-03-26T16:22:39.452,Agree,Agree
19546,2/28/2020,MA,1,,,0,,0,,,0,,2020-03-26T16:22:39.452,Agree,Agree
28417,2/29/2020,MA,1,,,0,,0,,,0,,2020-03-26T16:22:39.452,Agree,Agree
30028,3/1/2020,MA,1,,,0,,0,,,0,,2020-03-26T16:22:39.452,Agree,Agree
16587,3/2/2020,MA,1,,,0,,0,,,0,,2020-03-26T16:22:39.452,Agree,Agree
27590,3/3/2020,MA,2,,,1,,0,,,0,,2020-03-26T16:22:39.452,Agree,Agree
19266,3/4/2020,MA,2,,,0,,0,,,0,,2020-03-26T16:22:39.452,Agree,Agree
18724,3/5/2020,MA,2,,,0,,0,,,0,,2020-03-26T16:22:39.452,Agree,Agree
28689,3/6/2020,MA,7,,,5,,0,,,0,,2020-03-26T16:22:39.452,Agree,Agree
30797,3/7/2020,MA,9,,,2,,0,,,0,,2020-03-26T16:22:39.452,Agree,Agree
33658,3/8/2020,MA,28,,,19,,0,,,0,,2020-03-26T16:22:39.452,Agree,Agree
19777,3/9/2020,MA,28,,,0,,0,,,0,,2020-03-26T16:22:39.452,Agree,Agree
15971,3/10/2020,MA,91,,,63,,0,0,0,0,0,2020-03-12T00:00:00.000,Agree,Agree
16082,3/11/2020,MA,95,,,4,,0,0,0,0,0,2020-03-13T00:00:00.000,Agree,Agree
29064,3/12/2020,MA,108,,,13,,0,0,0,0,0,2020-03-14T00:00:00.000,Agree,Agree
32933,3/13/2020,MA,109,,,1,,0,0,0,0,0,2020-03-15T00:00:00.000,Agree,Agree
33852,3/14/2020,MA,109,,,0,,0,0,0,0,0,2020-03-16T00:00:00.000,Agree,Agree
34166,3/15/2020,MA,164,,,55,,0,0,0,0,0,2020-03-17T00:00:00.000,Agree,Agree
19822,3/16/2020,MA,197,,,33,,0,0,0,0,0,2020-03-18T00:00:00.000,Agree,Agree
20597,3/17/2020,MA,218,,,21,,0,0,0,0,0,2020-03-19T00:00:00.000,Agree,Agree
28444,3/18/2020,MA,256,,,38,,2,2,0,2,0,2020-03-20T00:00:00.000,Agree,Agree
20013,3/19/2020,MA,328,,,72,,3,3,0,1,0,2020-03-21T00:00:00.000,Agree,Agree
30391,3/20/2020,MA,413,,,85,,5,5,0,2,0,2020-03-22T00:00:00.000,Agree,Agree
22301,3/21/2020,MA,525,,,112,,7,7,0,2,0,2020-03-23T00:00:00.000,Agree,Agree
15899,3/22/2020,MA,646,,,121,,11,11,0,4,0,2020-03-24T00:00:00.000,Agree,Agree
31096,3/23/2020,MA,777,,,131,,17,17,0,6,0,2020-03-25T00:00:00.000,Agree,Agree
17185,3/24/2020,MA,1159,,,382,,26,26,0,9,0,2020-03-26T00:00:00.000,Agree,Agree
17696,3/25/2020,MA,1838,,,679,,33,33,0,7,0,2020-03-27T00:00:00.000,Agree,Agree
32876,3/26/2020,MA,2417,,,579,,43,42,1,10,1,2020-03-28T00:00:00.000,Agree,Agree
27563,3/27/2020,MA,3240,,,823,,58,57,1,15,0,2020-03-29T00:00:00.000,Agree,Agree
32925,3/28/2020,MA,4257,,,1017,,73,72,1,15,0,2020-03-30T00:00:00.000,Agree,Agree
19295,3/29/2020,MA,4955,,,698,,99,97,2,26,1,2020-03-31T00:00:00.000,Agree,Agree
22603,3/30/2020,MA,5752,,,797,,127,125,2,28,0,2020-04-01T00:00:00.000,Agree,Agree
29876,3/31/2020,MA,6620,,,868,,155,153,2,28,0,2020-04-02T00:00:00.000,Agree,Agree
27828,4/1/2020,MA,7738,,,1118,,191,189,2,36,0,2020-04-03T00:00:00.000,Agree,Agree
34856,4/2/2020,MA,8966,,,1228,,234,230,4,43,2,2020-04-04T00:00:00.000,Agree,Agree
34712,4/3/2020,MA,10402,,,1436,,273,268,5,39,1,2020-04-05T00:00:00.000,Agree,Agree
33076,4/4/2020,MA,11736,,,1334,,312,306,6,39,1,2020-04-06T00:00:00.000,Agree,Agree
30986,4/5/2020,MA,12500,,,764,,380,374,6,68,0,2020-04-07T00:00:00.000,Agree,Agree
30366,4/6/2020,MA,13837,,,1337,,460,453,7,80,1,2020-04-08T00:00:00.000,Agree,Agree
28824,4/7/2020,MA,15202,,,1365,,531,524,7,71,0,2020-04-09T00:00:00.000,Agree,Agree
20049,4/8/2020,MA,16567,,,1365,,634,624,10,103,3,2020-04-10T00:00:00.000,Agree,Agree
33639,4/9/2020,MA,18941,,,2374,,749,736,13,115,3,2020-04-11T00:00:00.000,Agree,Agree
31101,4/10/2020,MA,20845,,,1904,,858,843,15,109,2,2020-04-12T00:00:00.000,Agree,Agree
29686,4/11/2020,MA,23918,,,3073,,982,963,19,124,4,2020-04-13T00:00:00.000,Agree,Agree
31161,4/12/2020,MA,25475,,,1557,,1101,1077,24,119,5,2020-04-14T00:00:00.000,Agree,Agree
21165,4/13/2020,MA,26867,,,1392,,1271,1240,31,170,7,2020-04-15T00:00:00.000,Agree,Agree
27706,4/14/2020,MA,28163,,,1296,,1402,1362,40,131,9,2020-04-16T00:00:00.000,Agree,Agree
34461,4/15/2020,MA,29918,,,1755,,1586,1540,46,184,6,2020-04-17T00:00:00.000,Agree,Agree
15900,4/16/2020,MA,32181,,,2263,,1763,1714,49,177,3,2020-04-18T00:00:00.000,Agree,Agree
28275,4/17/2020,MA,34402,,,2221,,1938,1881,57,175,8,2020-04-19T00:00:00.000,Agree,Agree
16061,4/18/2020,MA,36372,,,1970,,2114,2052,62,176,5,2020-04-20T00:00:00.000,Agree,Agree
22478,4/19/2020,MA,38077,38077,0,1705,0,2297,2231,66,183,4,2020-04-21T00:00:00.000,Agree,Agree
18320,4/20/2020,MA,39643,39643,0,1566,0,2480,2404,76,183,10,2020-04-22T00:00:00.000,Agree,Agree
29790,4/21/2020,MA,41199,41199,0,1556,0,2642,2564,78,162,2,2020-04-23T00:00:00.000,Agree,Agree
16710,4/22/2020,MA,42944,42944,0,1745,0,2796,2717,79,154,1,2020-04-24T00:00:00.000,Agree,Agree
16750,4/23/2020,MA,46023,46023,0,3079,0,2991,2907,84,195,5,2022-05-11T16:48:49.429,Agree,Agree
20725,4/24/2020,MA,50969,50969,0,4946,0,3194,3104,90,203,6,2022-05-11T16:48:49.429,Agree,Agree
20658,4/25/2020,MA,53348,53348,0,2379,0,3347,3255,92,153,2,2022-05-11T16:48:49.429,Agree,Agree
29186,4/26/2020,MA,54938,54938,0,1590,0,3502,3406,96,155,4,2022-05-11T16:48:49.429,Agree,Agree
17182,4/27/2020,MA,56462,56462,0,1524,0,3664,3563,101,162,5,2022-05-11T16:48:49.429,Agree,Agree
20384,4/28/2020,MA,58302,58302,0,1840,0,3810,3704,106,146,5,2020-04-30T00:00:00.000,Agree,Agree
17283,4/29/2020,MA,60265,60265,0,1963,0,3980,3868,112,170,6,2020-05-01T00:00:00.000,Agree,Agree
18538,4/30/2020,MA,62205,62205,0,1940,0,4125,4011,114,145,2,2020-05-02T00:00:00.000,Agree,Agree
33212,5/1/2020,MA,64311,64311,0,2106,0,4304,4187,117,179,3,2020-05-03T00:00:00.000,Agree,Agree
18189,5/2/2020,MA,66263,66263,0,1952,0,4451,4331,120,147,3,2020-05-04T00:00:00.000,Agree,Agree
17624,5/3/2020,MA,68087,68087,0,1824,0,4591,4468,123,140,3,2020-05-05T00:00:00.000,Agree,Agree
19960,5/4/2020,MA,69087,69087,0,1000,0,4729,4602,127,138,4,2020-05-06T00:00:00.000,Agree,Agree
19552,5/5/2020,MA,70271,70271,0,1184,0,4871,4739,132,142,5,2020-05-07T00:00:00.000,Agree,Agree
27725,5/6/2020,MA,72025,72025,0,1754,0,5015,4877,138,144,6,2020-05-08T00:00:00.000,Agree,Agree
19935,5/7/2020,MA,73721,73721,0,1696,0,5147,5007,140,132,2,2020-05-09T00:00:00.000,Agree,Agree
29900,5/8/2020,MA,75333,75333,0,1612,0,5263,5117,146,116,6,2020-05-10T00:00:00.000,Agree,Agree
17408,5/9/2020,MA,76743,76743,0,1410,0,5377,5222,155,114,9,2020-05-11T00:00:00.000,Agree,Agree
28195,5/10/2020,MA,77793,77793,0,1050,0,5504,5348,156,127,1,2020-05-12T00:00:00.000,Agree,Agree
23036,5/11/2020,MA,78462,78462,0,669,0,5634,5475,159,130,3,2020-05-13T00:00:00.000,Agree,Agree
19535,5/12/2020,MA,79332,79332,0,870,0,5750,5587,163,116,4,2020-05-14T00:00:00.000,Agree,Agree
19857,5/13/2020,MA,80497,80497,0,1165,0,5866,5702,164,116,1,2020-05-15T00:00:00.000,Agree,Agree
27883,5/14/2020,MA,82182,82182,0,1685,0,5970,5802,168,104,4,2020-05-16T00:00:00.000,Agree,Agree
32259,5/15/2020,MA,83421,83421,0,1239,0,6093,5921,172,123,4,2020-05-17T00:00:00.000,Agree,Agree
27685,5/16/2020,MA,84933,84933,0,1512,0,6185,6006,179,92,7,2020-05-18T00:00:00.000,Agree,Agree
31214,5/17/2020,MA,86010,86010,0,1077,0,6268,6089,179,83,0,2020-05-19T00:00:00.000,Agree,Agree
27398,5/18/2020,MA,87052,87052,0,1042,0,6365,6185,180,97,1,2020-05-20T00:00:00.000,Agree,Agree
18958,5/19/2020,MA,87925,87925,0,873,0,6440,6258,182,75,2,2020-05-21T00:00:00.000,Agree,Agree
21101,5/20/2020,MA,88970,88970,0,1045,0,6524,6342,182,84,0,2020-05-22T00:00:00.000,Agree,Agree
17853,5/21/2020,MA,90084,90084,0,1114,0,6594,6409,185,70,3,2020-05-23T00:00:00.000,Agree,Agree
34747,5/22/2020,MA,90899,90899,0,815,0,6678,6491,187,84,2,2020-05-24T00:00:00.000,Agree,Agree
28356,5/23/2020,MA,91662,91662,0,763,0,6750,6562,188,72,1,2020-05-25T00:00:00.000,Agree,Agree
32383,5/24/2020,MA,92675,92675,0,1013,0,6812,6622,190,62,2,2020-05-26T00:00:00.000,Agree,Agree
34843,5/25/2020,MA,93271,93271,0,596,0,6879,6687,192,67,2,2020-05-27T00:00:00.000,Agree,Agree
17301,5/26/2020,MA,93693,93693,0,422,0,6952,6760,192,73,0,2020-05-28T00:00:00.000,Agree,Agree
15883,5/27/2020,MA,94220,94220,0,527,0,7016,6823,193,64,1,2020-05-29T00:00:00.000,Agree,Agree
20867,5/28/2020,MA,94895,94895,0,675,0,7068,6875,193,52,0,2020-05-30T00:00:00.000,Agree,Agree
29678,5/29/2020,MA,95512,95512,0,617,0,7127,6932,195,59,2,2020-05-31T00:00:00.000,Agree,Agree
22654,5/30/2020,MA,96301,96301,0,789,0,7184,6988,196,57,1,2020-06-01T00:00:00.000,Agree,Agree
34604,5/31/2020,MA,96965,96965,0,664,0,7239,7043,196,55,0,2020-06-02T00:00:00.000,Agree,Agree
22779,6/1/2020,MA,97291,,,326,,7273,7077,196,34,0,2020-06-03T00:00:00.000,Agree,Agree
34478,6/2/2020,MA,97539,,,248,,7325,7128,197,52,1,2020-06-04T00:00:00.000,Agree,Agree
23244,6/3/2020,MA,97964,,,425,,7366,7169,197,41,0,2020-06-05T00:00:00.000,Agree,Agree
33321,6/4/2020,MA,98376,,,412,,7410,7213,197,44,0,2020-06-06T00:00:00.000,Agree,Agree
21661,6/5/2020,MA,98796,,,420,,7436,7239,197,26,0,2020-06-07T00:00:00.000,Agree,Agree
20532,6/6/2020,MA,99301,,,505,,7480,7283,197,44,0,2020-06-08T00:00:00.000,Agree,Agree
30658,6/7/2020,MA,99562,,,261,,7519,7321,198,39,1,2020-06-09T00:00:00.000,Agree,Agree
23476,6/8/2020,MA,99755,,,193,,7557,7359,198,38,0,2020-06-10T00:00:00.000,Agree,Agree
31310,6/9/2020,MA,99955,,,200,,7590,7392,198,33,0,2020-06-11T00:00:00.000,Agree,Agree
21876,6/10/2020,MA,100158,,,203,,7625,7427,198,35,0,2020-06-12T00:00:00.000,Agree,Agree
28376,6/11/2020,MA,100504,,,346,,7658,7460,198,33,0,2020-06-13T00:00:00.000,Agree,Agree
17831,6/12/2020,MA,100811,,,307,,7697,7499,198,39,0,2020-06-14T00:00:00.000,Agree,Agree
28790,6/13/2020,MA,101070,,,259,,7724,7525,199,27,1,2020-06-15T00:00:00.000,Agree,Agree
18159,6/14/2020,MA,101276,,,206,,7755,7556,199,31,0,2020-06-16T00:00:00.000,Agree,Agree
27743,6/15/2020,MA,101334,,,58,,7791,7591,200,36,1,2020-06-17T00:00:00.000,Agree,Agree
27800,6/16/2020,MA,101474,,,140,,7807,7607,200,16,0,2020-06-18T00:00:00.000,Agree,Agree
20598,6/17/2020,MA,101654,,,180,,7836,7636,200,29,0,2020-06-19T00:00:00.000,Agree,Agree
32122,6/18/2020,MA,101853,,,199,,7859,7659,200,23,0,2020-06-20T00:00:00.000,Agree,Agree
18700,6/19/2020,MA,102005,,,152,,7892,7692,200,33,0,2020-06-21T00:00:00.000,Agree,Agree
23066,6/20/2020,MA,102228,,,223,,7908,7708,200,16,0,2020-06-22T00:00:00.000,Agree,Agree
27751,6/21/2020,MA,102333,,,105,,7939,7739,200,31,0,2020-06-23T00:00:00.000,Agree,Agree
29265,6/22/2020,MA,102469,,,136,,7960,7760,200,21,0,2020-06-24T00:00:00.000,Agree,Agree
19255,6/23/2020,MA,102651,,,182,,7989,7789,200,29,0,2020-06-25T00:00:00.000,Agree,Agree
18975,6/24/2020,MA,102762,102762,,111,,8014,7814,200,25,0,2020-06-26T00:00:00.000,Agree,Agree
29967,6/25/2020,MA,102922,102922,,160,,8032,7832,200,18,0,2020-06-27T00:00:00.000,Agree,Agree
31692,6/26/2020,MA,103071,103071,,149,,8053,7853,200,21,0,2020-06-28T00:00:00.000,Agree,Agree
30208,6/27/2020,MA,103376,103376,,305,,8075,7875,200,22,0,2020-06-29T00:00:00.000,Agree,Agree
15890,6/28/2020,MA,103539,103539,,163,,8095,7895,200,20,0,2020-06-30T00:00:00.000,Agree,Agree
18015,6/29/2020,MA,103628,103628,,89,,8111,7911,200,16,0,2020-07-01T00:00:00.000,Agree,Agree
33805,6/30/2020,MA,103701,103701,,73,,8126,7926,200,15,0,2020-07-02T00:00:00.000,Agree,Agree
20579,7/1/2020,MA,103858,103858,,157,,8149,7949,200,23,0,2020-07-03T00:00:00.000,Agree,Agree
30981,7/2/2020,MA,104016,104016,,158,,8169,7969,200,20,0,2020-07-04T00:00:00.000,Agree,Agree
32986,7/3/2020,MA,104228,104228,,212,,8186,7986,200,17,0,2020-07-05T00:00:00.000,Agree,Agree
28645,7/4/2020,MA,104391,104391,,163,,8206,8005,201,20,1,2020-07-06T00:00:00.000,Agree,Agree
23518,7/5/2020,MA,104502,104502,,111,,8224,8023,201,18,0,2020-07-07T00:00:00.000,Agree,Agree
30604,7/6/2020,MA,104659,104659,,157,,8248,8047,201,24,0,2020-07-08T00:00:00.000,Agree,Agree
30785,7/7/2020,MA,104799,104799,,140,,8268,8066,202,20,1,2020-07-09T00:00:00.000,Agree,Agree
32955,7/8/2020,MA,104961,104961,,162,,8296,8094,202,28,0,2020-07-10T00:00:00.000,Agree,Agree
16766,7/9/2020,MA,105138,105138,,177,,8313,8111,202,17,0,2020-07-11T00:00:00.000,Agree,Agree
21459,7/10/2020,MA,105290,105290,,152,,8323,8121,202,10,0,2020-07-12T00:00:00.000,Agree,Agree
30419,7/11/2020,MA,105457,105457,,167,,8334,8132,202,11,0,2020-07-13T00:00:00.000,Agree,Agree
30271,7/12/2020,MA,105629,105629,,172,,8350,8147,203,16,1,2020-07-14T00:00:00.000,Agree,Agree
19562,7/13/2020,MA,105783,105783,,154,,8367,8163,204,17,1,2020-07-15T00:00:00.000,Agree,Agree
17233,7/14/2020,MA,105986,105986,,203,,8385,8181,204,18,0,2020-07-16T00:00:00.000,Agree,Agree
27279,7/15/2020,MA,106128,106128,,142,,8397,8193,204,12,0,2020-07-17T00:00:00.000,Agree,Agree
18862,7/16/2020,MA,106271,106271,,143,,8408,8204,204,11,0,2020-07-18T00:00:00.000,Agree,Agree
16578,7/17/2020,MA,106487,106487,,216,,8424,8220,204,16,0,2020-07-19T00:00:00.000,Agree,Agree
18462,7/18/2020,MA,106664,106664,,177,,8437,8233,204,13,0,2020-07-20T00:00:00.000,Agree,Agree
33575,7/19/2020,MA,106882,106882,,218,,8451,8247,204,14,0,2020-07-21T00:00:00.000,Agree,Agree
17469,7/20/2020,MA,107056,107056,,174,,8460,8256,204,9,0,2020-07-22T00:00:00.000,Agree,Agree
17411,7/21/2020,MA,107221,107221,,165,,8477,8273,204,17,0,2020-07-23T00:00:00.000,Agree,Agree
17824,7/22/2020,MA,107413,107413,,192,,8492,8288,204,15,0,2020-07-24T00:00:00.000,Agree,Agree
16466,7/23/2020,MA,107683,107683,,270,,8506,8302,204,14,0,2020-07-25T00:00:00.000,Agree,Agree
17940,7/24/2020,MA,107897,107897,,214,,8529,8325,204,23,0,2020-07-26T00:00:00.000,Agree,Agree
18142,7/25/2020,MA,108107,108107,,210,,8543,8339,204,14,0,2020-07-27T00:00:00.000,Agree,Agree
32582,7/26/2020,MA,108380,108380,,273,,8557,8353,204,14,0,2020-07-28T00:00:00.000,Agree,Agree
28628,7/27/2020,MA,108562,108562,,182,,8574,8369,205,17,1,2020-07-29T00:00:00.000,Agree,Agree
31708,7/28/2020,MA,108740,108740,,178,,8587,8382,205,13,0,2020-07-30T00:00:00.000,Agree,Agree
32959,7/29/2020,MA,109096,109096,,356,,8601,8396,205,14,0,2020-07-31T00:00:00.000,Agree,Agree
32649,7/30/2020,MA,109400,109400,,304,,8611,8406,205,10,0,2020-08-01T00:00:00.000,Agree,Agree
17800,7/31/2020,MA,109787,109787,,387,,8626,8421,205,15,0,2020-08-02T00:00:00.000,Agree,Agree
17218,8/1/2020,MA,110077,110077,,290,,8645,8440,205,19,0,2020-08-03T00:00:00.000,Agree,Agree
17279,8/2/2020,MA,110430,110430,,353,,8655,8450,205,10,0,2020-08-04T00:00:00.000,Agree,Agree
30261,8/3/2020,MA,110595,110595,,165,,8663,8458,205,8,0,2020-08-05T00:00:00.000,Agree,Agree
29662,8/4/2020,MA,111033,111033,,438,,8677,8472,205,14,0,2020-08-06T00:00:00.000,Agree,Agree
16898,8/5/2020,MA,111371,111371,,338,,8691,8486,205,14,0,2020-08-07T00:00:00.000,Agree,Agree
21389,8/6/2020,MA,111533,111533,,162,,8706,8501,205,15,0,2020-08-08T00:00:00.000,Agree,Agree
19896,8/7/2020,MA,111853,111853,,320,,8721,8516,205,15,0,2020-08-09T00:00:00.000,Agree,Agree
34158,8/8/2020,MA,112173,112173,,320,,8734,8529,205,13,0,2020-08-10T00:00:00.000,Agree,Agree
29554,8/9/2020,MA,112459,112459,,286,,8743,8538,205,9,0,2020-08-11T00:00:00.000,Agree,Agree
20626,8/10/2020,MA,112673,112673,,214,,8757,8552,205,14,0,2020-08-12T00:00:00.000,Agree,Agree
32517,8/11/2020,MA,112969,112969,,296,,8771,8566,205,14,0,2020-08-13T00:00:00.000,Agree,Agree
21434,8/12/2020,MA,113198,113198,,229,,8791,8586,205,20,0,2020-08-14T00:00:00.000,Agree,Agree
22505,8/13/2020,MA,113517,113517,,319,,8803,8598,205,12,0,2020-08-15T00:00:00.000,Agree,Agree
34310,8/14/2020,MA,113729,113729,,212,,8817,8612,205,14,0,2020-08-16T00:00:00.000,Agree,Agree
20966,8/15/2020,MA,114095,114095,,366,,8830,8625,205,13,0,2020-08-17T00:00:00.000,Agree,Agree
21028,8/16/2020,MA,114398,114398,,303,,8843,8638,205,13,0,2020-08-18T00:00:00.000,Agree,Agree
18368,8/17/2020,MA,114611,114611,,213,,8858,8653,205,15,0,2020-08-19T00:00:00.000,Agree,Agree
16291,8/18/2020,MA,114786,114786,,175,,8870,8665,205,12,0,2020-08-20T00:00:00.000,Agree,Agree
16171,8/19/2020,MA,115048,115048,,262,,8886,8681,205,16,0,2020-08-21T00:00:00.000,Agree,Agree
32859,8/20/2020,MA,115310,115310,,262,,8902,8697,205,16,0,2020-08-22T00:00:00.000,Agree,Agree
22827,8/21/2020,MA,115741,115741,,431,,8918,8713,205,16,0,2020-08-23T00:00:00.000,Agree,Agree
20727,8/22/2020,MA,115850,115850,,109,,8934,8729,205,16,0,2020-08-24T00:00:00.000,Agree,Agree
20165,8/23/2020,MA,115850,115850,,0,,8949,8744,205,15,0,2020-08-25T00:00:00.000,Agree,Agree
30433,8/24/2020,MA,116421,116421,,571,,8966,8760,206,17,1,2020-08-26T00:00:00.000,Agree,Agree
30552,8/25/2020,MA,116770,116770,,349,,8983,8777,206,17,0,2020-08-27T00:00:00.000,Agree,Agree
19765,8/26/2020,MA,117085,117085,,315,,8997,8791,206,14,0,2020-08-28T00:00:00.000,Agree,Agree
22612,8/27/2020,MA,117450,117450,,365,,9008,8802,206,11,0,2020-08-29T00:00:00.000,Agree,Agree
33672,8/28/2020,MA,117888,117888,,438,,9023,8817,206,15,0,2020-08-30T00:00:00.000,Agree,Agree
22201,8/29/2020,MA,118309,118309,,421,,9040,8834,206,17,0,2020-08-31T00:00:00.000,Agree,Agree
32348,8/30/2020,MA,118483,118483,,174,,9056,8850,206,16,0,2020-09-01T00:00:00.000,Agree,Agree
16988,8/31/2020,MA,118784,118784,,301,,9068,8862,206,12,0,2020-09-02T00:00:00.000,Agree,Agree
34908,9/1/2020,MA,119138,119138,,354,,9084,8878,206,16,0,2020-09-03T00:00:00.000,Agree,Agree
17911,9/2/2020,MA,121131,119426,1705,288,0,9101,8895,206,17,0,2020-09-04T00:00:00.000,Agree,Agree
31163,9/3/2020,MA,121546,119819,1727,415,22,9112,8906,206,11,0,2020-09-05T00:00:00.000,Agree,Agree
23547,9/4/2020,MA,121758,120038,1720,212,-7,9122,8915,207,10,1,2020-09-06T00:00:00.000,Agree,Agree
17577,9/5/2020,MA,122196,120454,1742,438,22,9134,8927,207,12,0,2020-09-07T00:00:00.000,Agree,Agree
30336,9/6/2020,MA,122562,120824,1738,366,-4,9142,8935,207,8,0,2020-09-08T00:00:00.000,Agree,Agree
16312,9/7/2020,MA,122791,121046,1745,229,7,9151,8943,208,9,1,2020-09-09T00:00:00.000,Agree,Agree
21621,9/8/2020,MA,122962,121214,1748,171,3,9165,8957,208,14,0,2020-09-10T00:00:00.000,Agree,Agree
31903,9/9/2020,MA,123143,121396,1747,181,-1,9177,8969,208,12,0,2020-09-11T00:00:00.000,Agree,Agree
28283,9/10/2020,MA,123546,121759,1787,403,40,9198,8989,209,21,1,2020-09-12T00:00:00.000,Agree,Agree
29295,9/11/2020,MA,123986,122202,1784,440,-3,9210,9001,209,12,0,2020-09-13T00:00:00.000,Agree,Agree
30345,9/12/2020,MA,124540,122637,1903,554,119,9218,9009,209,8,0,2020-09-14T00:00:00.000,Agree,Agree
33769,9/13/2020,MA,124826,122904,1922,286,19,9229,9020,209,11,0,2020-09-15T00:00:00.000,Agree,Agree
22404,9/14/2020,MA,125080,123139,1941,254,19,9246,9036,210,17,1,2020-09-16T00:00:00.000,Agree,Agree
18074,9/15/2020,MA,125393,123425,1968,313,27,9260,9050,210,14,0,2020-09-17T00:00:00.000,Agree,Agree
21302,9/16/2020,MA,125699,123720,1979,306,11,9281,9071,210,21,0,2020-09-18T00:00:00.000,Agree,Agree
15932,9/17/2020,MA,126128,124139,1989,429,10,9295,9085,210,14,0,2020-09-19T00:00:00.000,Agree,Agree
23021,9/18/2020,MA,126582,124570,2012,454,23,9307,9097,210,12,0,2020-09-20T00:00:00.000,Agree,Agree
21060,9/19/2020,MA,127181,125139,2042,599,30,9320,9108,212,13,2,2020-09-21T00:00:00.000,Agree,Agree
19649,9/20/2020,MA,127540,125479,2061,359,19,9335,9123,212,15,0,2020-09-22T00:00:00.000,Agree,Agree
32749,9/21/2020,MA,127796,125723,2073,256,12,9352,9140,212,17,0,2020-09-23T00:00:00.000,Agree,Agree
17733,9/22/2020,MA,127969,125866,2103,173,30,9357,9145,212,5,0,2020-09-24T00:00:00.000,Agree,Agree
18686,9/23/2020,MA,128512,126408,2104,543,1,9370,9158,212,13,0,2020-09-25T00:00:00.000,Agree,Agree
22439,9/24/2020,MA,128993,126863,2130,481,26,9383,9171,212,13,0,2020-09-26T00:00:00.000,Agree,Agree
16653,9/25/2020,MA,129481,127317,2164,488,34,9400,9188,212,17,0,2020-09-27T00:00:00.000,Agree,Agree
28906,9/26/2020,MA,130050,127832,2218,569,54,9421,9209,212,21,0,2020-09-28T00:00:00.000,Agree,Agree
29098,9/27/2020,MA,130642,128426,2216,592,-2,9435,9223,212,14,0,2020-09-29T00:00:00.000,Agree,Agree
17770,9/28/2020,MA,131072,128793,2279,430,63,9455,9242,213,20,1,2020-09-30T00:00:00.000,Agree,Agree
20419,9/29/2020,MA,131584,129243,2341,512,62,9469,9255,214,14,1,2020-10-01T00:00:00.000,Agree,Agree
27270,9/30/2020,MA,132116,129753,2363,532,22,9486,9272,214,17,0,2020-10-02T00:00:00.000,Agree,Agree
27692,10/1/2020,MA,132870,130461,2409,754,46,9500,9286,214,14,0,2020-10-03T00:00:00.000,Agree,Agree
18030,10/2/2020,MA,133631,131214,2417,761,8,9515,9301,214,15,0,2020-10-04T00:00:00.000,Agree,Agree
23245,10/3/2020,MA,134303,131814,2489,672,72,9528,9314,214,13,0,2020-10-05T00:00:00.000,Agree,Agree
27416,10/4/2020,MA,134947,132440,2507,644,18,9543,9329,214,15,0,2020-10-06T00:00:00.000,Agree,Agree
20275,10/5/2020,MA,135462,132905,2557,515,50,9553,9339,214,10,0,2020-10-07T00:00:00.000,Agree,Agree
16720,10/6/2020,MA,135957,133359,2598,495,41,9559,9345,214,6,0,2020-10-08T00:00:00.000,Agree,Agree
22629,10/7/2020,MA,136492,133868,2624,535,26,9575,9361,214,16,0,2020-10-09T00:00:00.000,Agree,Agree
23388,10/8/2020,MA,136936,134277,2659,444,35,9589,9375,214,14,0,2020-10-10T00:00:00.000,Agree,Agree
30649,10/9/2020,MA,137701,135011,2690,765,31,9604,9389,215,15,1,2020-10-11T00:00:00.000,Agree,Agree
18448,10/10/2020,MA,138340,135598,2742,639,52,9621,9405,216,17,1,2020-10-12T00:00:00.000,Agree,Agree
29019,10/11/2020,MA,138903,136168,2735,563,-7,9640,9422,218,19,2,2020-10-13T00:00:00.000,Agree,Agree
21527,10/12/2020,MA,139663,136933,2730,760,-5,9666,9447,219,26,1,2020-10-14T00:00:00.000,Agree,Agree
18786,10/13/2020,MA,140412,137565,2847,749,117,9681,9462,219,15,0,2020-10-15T00:00:00.000,Agree,Agree
34177,10/14/2020,MA,140992,138083,2909,580,62,9705,9486,219,24,0,2020-10-16T00:00:00.000,Agree,Agree
17463,10/15/2020,MA,141579,138651,2928,587,19,9722,9503,219,17,0,2020-10-17T00:00:00.000,Agree,Agree
19703,10/16/2020,MA,142346,139353,2993,767,65,9741,9522,219,19,0,2020-10-18T00:00:00.000,Agree,Agree
28159,10/17/2020,MA,142930,139903,3027,584,34,9761,9541,220,20,1,2020-10-19T00:00:00.000,Agree,Agree
17209,10/18/2020,MA,143660,140647,3013,730,-14,9767,9547,220,6,0,2020-10-20T00:00:00.000,Agree,Agree
30682,10/19/2020,MA,144488,141474,3014,828,1,9789,9569,220,22,0,2020-10-21T00:00:00.000,Agree,Agree
31913,10/20/2020,MA,145464,142295,3169,976,155,9812,9592,220,23,0,2020-10-22T00:00:00.000,Agree,Agree
28739,10/21/2020,MA,146166,142941,3225,702,56,9830,9608,222,18,2,2020-10-23T00:00:00.000,Agree,Agree
32877,10/22/2020,MA,147215,143927,3288,1049,63,9846,9624,222,16,0,2020-10-24T00:00:00.000,Agree,Agree
30454,10/23/2020,MA,148285,144895,3390,1070,102,9868,9645,223,22,1,2020-10-25T00:00:00.000,Agree,Agree
34663,10/24/2020,MA,149488,146023,3465,1203,75,9893,9670,223,25,0,2020-10-26T00:00:00.000,Agree,Agree
18995,10/25/2020,MA,150565,147120,3445,1077,-20,9910,9687,223,17,0,2020-10-27T00:00:00.000,Agree,Agree
21129,10/26/2020,MA,151777,148336,3441,1212,-4,9936,9713,223,26,0,2020-10-28T00:00:00.000,Agree,Agree
16821,10/27/2020,MA,153037,149361,3676,1260,235,9957,9734,223,21,0,2020-10-29T00:00:00.000,Agree,Agree
34929,10/28/2020,MA,154218,150498,3720,1181,44,9977,9753,224,20,1,2020-10-30T00:00:00.000,Agree,Agree
31751,10/29/2020,MA,155564,151741,3823,1346,103,9996,9772,224,19,0,2020-10-31T00:00:00.000,Agree,Agree
18200,10/30/2020,MA,157146,153229,3917,1582,94,10016,9791,225,20,1,2020-11-01T00:00:00.000,Agree,Agree
17906,10/31/2020,MA,158576,154521,4055,1430,138,10028,9803,225,12,0,2020-11-02T00:00:00.000,Agree,Agree
17904,11/1/2020,MA,159707,155660,4047,1131,-8,10048,9823,225,20,0,2020-11-03T00:00:00.000,Agree,Agree
22838,11/2/2020,MA,160549,156385,4164,842,117,10072,9847,225,24,0,2020-11-04T00:00:00.000,Agree,Agree
23555,11/3/2020,MA,161585,157308,4277,1036,113,10088,9863,225,16,0,2020-11-05T00:00:00.000,Agree,Agree
21637,11/4/2020,MA,163299,158937,4362,1714,85,10117,9892,225,29,0,2020-11-06T00:00:00.000,Agree,Agree
31866,11/5/2020,MA,165161,160698,4463,1862,101,10141,9916,225,24,0,2020-11-07T00:00:00.000,Agree,Agree
30191,11/6/2020,MA,167274,162736,4538,2113,75,10154,9929,225,13,0,2020-11-08T00:00:00.000,Agree,Agree
29999,11/7/2020,MA,169576,164936,4640,2302,102,10181,9955,226,27,1,2020-11-09T00:00:00.000,Agree,Agree
16321,11/8/2020,MA,171399,166745,4654,1823,14,10201,9975,226,20,0,2020-11-10T00:00:00.000,Agree,Agree
18081,11/9/2020,MA,172727,167929,4798,1328,144,10225,9999,226,24,0,2020-11-11T00:00:00.000,Agree,Agree
20331,11/10/2020,MA,174881,169976,4905,2154,107,10250,10024,226,25,0,2020-11-12T00:00:00.000,Agree,Agree
28840,11/11/2020,MA,177541,172471,5070,2660,165,10282,10056,226,32,0,2020-11-13T00:00:00.000,Agree,Agree
32794,11/12/2020,MA,180189,174953,5236,2648,166,10306,10080,226,24,0,2020-11-14T00:00:00.000,Agree,Agree
27528,11/13/2020,MA,183095,177627,5468,2906,232,10328,10099,229,22,3,2020-11-15T00:00:00.000,Agree,Agree
16672,11/14/2020,MA,186142,180468,5674,3047,206,10355,10126,229,27,0,2020-11-16T00:00:00.000,Agree,Agree
18690,11/15/2020,MA,188275,182544,5731,2133,57,10387,10158,229,32,0,2020-11-17T00:00:00.000,Agree,Agree
31887,11/16/2020,MA,190439,184511,5928,2164,197,10417,10187,230,30,1,2020-11-18T00:00:00.000,Agree,Agree
21628,11/17/2020,MA,192964,186774,6190,2525,262,10441,10211,230,24,0,2020-11-19T00:00:00.000,Agree,Agree
30176,11/18/2020,MA,195868,189518,6350,2904,160,10467,10237,230,26,0,2020-11-20T00:00:00.000,Agree,Agree
29281,11/19/2020,MA,198550,192050,6500,2682,150,10486,10256,230,19,0,2020-11-21T00:00:00.000,Agree,Agree
34208,11/20/2020,MA,200949,194338,6611,2399,111,10517,10287,230,31,0,2020-11-22T00:00:00.000,Agree,Agree
21719,11/21/2020,MA,204155,197329,6826,3206,215,10545,10315,230,28,0,2020-11-23T00:00:00.000,Agree,Agree
23252,11/22/2020,MA,206850,200050,6800,2695,-26,10576,10345,231,31,1,2020-11-24T00:00:00.000,Agree,Agree
33442,11/23/2020,MA,208623,201835,6788,1773,-12,10612,10380,232,36,1,2020-11-25T00:00:00.000,Agree,Agree
17061,11/24/2020,MA,211199,204060,7139,2576,351,10640,10407,233,28,1,2020-11-26T00:00:00.000,Agree,Agree
16555,11/25/2020,MA,214594,207284,7310,3395,171,10670,10436,234,30,1,2020-11-27T00:00:00.000,Agree,Agree
33638,11/26/2020,MA,214594,207284,7310,0,0,10695,10461,234,25,0,2020-11-28T00:00:00.000,Agree,Agree
28028,11/27/2020,MA,219252,211748,7504,4658,194,10735,10501,234,40,0,2020-11-29T00:00:00.000,Agree,Agree
17699,11/28/2020,MA,222469,214662,7807,3217,303,10777,10543,234,42,0,2020-11-30T00:00:00.000,Agree,Agree
31951,11/29/2020,MA,224964,217163,7801,2495,-6,10805,10571,234,28,0,2020-12-01T00:00:00.000,Agree,Agree
29374,11/30/2020,MA,226132,218329,7803,1168,2,10848,10613,235,43,1,2020-12-02T00:00:00.000,Agree,Agree
21157,12/1/2020,MA,229205,221174,8031,3073,228,10894,10659,235,46,0,2020-12-03T00:00:00.000,Agree,Agree
15974,12/2/2020,MA,234232,225787,8445,5027,414,10928,10692,236,34,1,2020-12-04T00:00:00.000,Agree,Agree
16080,12/3/2020,MA,240907,232264,8643,6675,198,10976,10737,239,48,3,2020-12-05T00:00:00.000,Agree,Agree
22546,12/4/2020,MA,246398,237456,8942,5491,299,11028,10787,241,52,2,2020-12-06T00:00:00.000,Agree,Agree
34269,12/5/2020,MA,252017,242812,9205,5619,263,11074,10831,243,46,2,2020-12-07T00:00:00.000,Agree,Agree
17973,12/6/2020,MA,256844,247559,9285,4827,80,11123,10879,244,49,1,2020-12-08T00:00:00.000,Agree,Agree
30333,12/7/2020,MA,259325,250022,9303,2481,18,11186,10940,246,63,2,2020-12-09T00:00:00.000,Agree,Agree
31242,12/8/2020,MA,263447,253649,9798,4122,495,11228,10982,246,42,0,2020-12-10T00:00:00.000,Agree,Agree
28873,12/9/2020,MA,269412,259324,10088,5965,290,11281,11033,248,53,2,2020-12-11T00:00:00.000,Agree,Agree
27721,12/10/2020,MA,274781,264454,10327,5369,239,11337,11086,251,56,3,2020-12-12T00:00:00.000,Agree,Agree
28051,12/11/2020,MA,280436,269929,10507,5655,180,11386,11134,252,49,1,2020-12-13T00:00:00.000,Agree,Agree
34370,12/12/2020,MA,285725,274897,10828,5289,321,11435,11183,252,49,0,2020-12-14T00:00:00.000,Agree,Agree
21501,12/13/2020,MA,290578,279574,11004,4853,176,11489,11237,252,54,0,2020-12-15T00:00:00.000,Agree,Agree
32508,12/14/2020,MA,294231,283146,11085,3653,81,11542,11290,252,53,0,2020-12-16T00:00:00.000,Agree,Agree
21385,12/15/2020,MA,298160,286866,11294,3929,209,11587,11335,252,45,0,2020-12-17T00:00:00.000,Agree,Agree
34150,12/16/2020,MA,304112,292316,11796,5952,502,11637,11385,252,50,0,2020-12-18T00:00:00.000,Agree,Agree
27795,12/17/2020,MA,309247,297301,11946,5135,150,11693,11441,252,56,0,2020-12-19T00:00:00.000,Agree,Agree
16460,12/18/2020,MA,314926,302933,11993,5679,47,11750,11497,253,57,1,2020-12-20T00:00:00.000,Agree,Agree
32000,12/19/2020,MA,319270,306928,12342,4344,349,11810,11557,253,60,0,2020-12-21T00:00:00.000,Agree,Agree
30018,12/20/2020,MA,323531,311090,12441,4261,99,11869,11615,254,59,1,2020-12-22T00:00:00.000,Agree,Agree
28118,12/21/2020,MA,327374,314850,12524,3843,83,11921,11664,257,52,3,2020-12-23T00:00:00.000,Agree,Agree
19096,12/22/2020,MA,331174,318143,13031,3800,507,11994,11737,257,73,0,2020-12-24T00:00:00.000,Agree,Agree
30110,12/23/2020,MA,335988,322652,13336,4814,305,12044,11786,258,50,1,2020-12-25T00:00:00.000,Agree,Agree
23359,12/24/2020,MA,341925,328307,13618,5937,282,12125,11867,258,81,0,2020-12-26T00:00:00.000,Agree,Agree
31265,12/25/2020,MA,341925,328307,13618,0,0,12192,11933,259,67,1,2020-12-27T00:00:00.000,Agree,Agree
32610,12/26/2020,MA,349602,335731,13871,7677,253,12254,11994,260,62,1,2020-12-28T00:00:00.000,Agree,Agree
15982,12/27/2020,MA,352736,338704,14032,3134,161,12317,12054,263,63,3,2020-12-29T00:00:00.000,Agree,Agree
21222,12/28/2020,MA,356934,342764,14170,4198,138,12393,12130,263,76,0,2020-12-30T00:00:00.000,Agree,Agree
19088,12/29/2020,MA,361079,346423,14656,4145,486,12473,12207,266,80,3,2020-12-31T00:00:00.000,Agree,Agree
17909,12/30/2020,MA,367918,352558,15360,6839,704,12529,12263,266,56,0,2021-01-01T00:00:00.000,Agree,Agree
27835,12/31/2020,MA,375178,359445,15733,7260,373,12613,12346,267,84,1,2021-01-02T00:00:00.000,Agree,Agree
17920,1/1/2021,MA,375178,359445,15733,0,0,12677,12409,268,64,1,2021-01-03T00:00:00.000,Agree,Agree
21796,1/2/2021,MA,384181,367987,16194,9003,461,12758,12488,270,81,2,2021-01-04T00:00:00.000,Agree,Agree
17362,1/3/2021,MA,387662,371097,16565,3481,371,12821,12551,270,63,0,2021-01-05T00:00:00.000,Agree,Agree
23230,1/4/2021,MA,392568,375455,17113,4906,548,12886,12614,272,65,2,2021-01-06T00:00:00.000,Agree,Agree
16887,1/5/2021,MA,397202,379633,17569,4634,456,12957,12683,274,71,2,2021-01-07T00:00:00.000,Agree,Agree
28175,1/6/2021,MA,404053,386052,18001,6851,432,13042,12768,274,85,0,2021-01-08T00:00:00.000,Agree,Agree
20080,1/7/2021,MA,411601,393188,18413,7548,412,13115,12841,274,73,0,2021-01-09T00:00:00.000,Agree,Agree
27495,1/8/2021,MA,419721,400823,18898,8120,485,13183,12909,274,68,0,2021-01-10T00:00:00.000,Agree,Agree
30411,1/9/2021,MA,427135,407933,19202,7414,304,13259,12984,275,76,1,2021-01-11T00:00:00.000,Agree,Agree
22861,1/10/2021,MA,432791,413329,19462,5656,260,13345,13069,276,86,1,2021-01-12T00:00:00.000,Agree,Agree
21908,1/11/2021,MA,437042,417568,19474,4251,12,13405,13129,276,60,0,2021-01-13T00:00:00.000,Agree,Agree
33552,1/12/2021,MA,442529,422474,20055,5487,581,13474,13198,276,69,0,2021-01-14T00:00:00.000,Agree,Agree
34427,1/13/2021,MA,448447,427752,20695,5918,640,13554,13278,276,80,0,2021-01-15T00:00:00.000,Agree,Agree
22366,1/14/2021,MA,454402,433297,21105,5955,410,13624,13347,277,70,1,2021-01-16T00:00:00.000,Agree,Agree
22602,1/15/2021,MA,459927,438371,21556,5525,451,13691,13412,279,67,2,2021-01-17T00:00:00.000,Agree,Agree
18228,1/16/2021,MA,465726,444028,21698,5799,142,13756,13476,280,65,1,2021-01-18T00:00:00.000,Agree,Agree
27897,1/17/2021,MA,470140,448311,21829,4414,131,13822,13540,282,66,2,2021-01-19T00:00:00.000,Agree,Agree
19145,1/18/2021,MA,473441,451535,21906,3301,77,13891,13607,284,69,2,2021-01-20T00:00:00.000,Agree,Agree
28302,1/19/2021,MA,476526,454102,22424,3085,518,13956,13671,285,65,1,2021-01-21T00:00:00.000,Agree,Agree
32113,1/20/2021,MA,481040,458089,22951,4514,527,14032,13745,287,76,2,2021-01-22T00:00:00.000,Agree,Agree
29091,1/21/2021,MA,486180,462910,23270,5140,319,14103,13813,290,71,3,2021-01-23T00:00:00.000,Agree,Agree
20879,1/22/2021,MA,491452,467845,23607,5272,337,14188,13898,290,85,0,2021-01-24T00:00:00.000,Agree,Agree
23433,1/23/2021,MA,496093,472175,23918,4641,311,14258,13968,290,70,0,2021-01-25T00:00:00.000,Agree,Agree
32927,1/24/2021,MA,500037,475925,24112,3944,194,14318,14027,291,60,1,2021-01-26T00:00:00.000,Agree,Agree
32948,1/25/2021,MA,503688,479402,24286,3651,174,14383,14091,292,65,1,2021-01-27T00:00:00.000,Agree,Agree
16664,1/26/2021,MA,506183,481617,24566,2495,280,14476,14184,292,93,0,2021-01-28T00:00:00.000,Agree,Agree
34308,1/27/2021,MA,509503,484639,24864,3320,298,14562,14268,294,86,2,2021-01-29T00:00:00.000,Agree,Agree
18938,1/28/2021,MA,514134,488861,25273,4631,409,14645,14351,294,83,0,2021-01-30T00:00:00.000,Agree,Agree
16904,1/29/2021,MA,517252,491642,25610,3118,337,14709,14414,295,64,1,2021-01-31T00:00:00.000,Agree,Agree
18293,1/30/2021,MA,521360,495599,25761,4108,151,14768,14471,297,59,2,2021-02-01T00:00:00.000,Agree,Agree
31411,1/31/2021,MA,524025,498145,25880,2665,119,14832,14535,297,64,0,2021-02-02T00:00:00.000,Agree,Agree
16030,2/1/2021,MA,526423,500415,26008,2398,128,14900,14600,300,68,3,2021-02-03T00:00:00.000,Agree,Agree
33925,2/2/2021,MA,528662,502378,26284,2239,276,14955,14653,302,55,2,2021-02-04T00:00:00.000,Agree,Agree
22057,2/3/2021,MA,531117,504564,26553,2455,269,15014,14712,302,59,0,2021-02-05T00:00:00.000,Agree,Agree
17625,2/4/2021,MA,533921,507166,26755,2804,202,15078,14773,305,64,3,2021-02-06T00:00:00.000,Agree,Agree
27759,2/5/2021,MA,537208,510148,27060,3287,305,15149,14842,307,71,2,2021-02-07T00:00:00.000,Agree,Agree
31272,2/6/2021,MA,540827,513526,27301,3619,241,15197,14890,307,48,0,2021-02-08T00:00:00.000,Agree,Agree
32928,2/7/2021,MA,543934,516530,27404,3107,103,15240,14931,309,43,2,2021-02-09T00:00:00.000,Agree,Agree
28617,2/8/2021,MA,545303,517806,27497,1369,93,15283,14973,310,43,1,2021-02-10T00:00:00.000,Agree,Agree
20154,2/9/2021,MA,546896,519125,27771,1593,274,15329,15019,310,46,0,2021-02-11T00:00:00.000,Agree,Agree
31760,2/10/2021,MA,548946,521045,27901,2050,130,15397,15087,310,68,0,2021-02-12T00:00:00.000,Agree,Agree
23057,2/11/2021,MA,551396,523258,28138,2450,237,15451,15140,311,54,1,2021-02-13T00:00:00.000,Agree,Agree
29124,2/12/2021,MA,553812,525486,28326,2416,188,15506,15195,311,55,0,2021-02-14T00:00:00.000,Agree,Agree
33810,2/13/2021,MA,555895,527435,28460,2083,134,15542,15231,311,36,0,2021-02-15T00:00:00.000,Agree,Agree
20294,2/14/2021,MA,557777,529255,28522,1882,62,15611,15299,312,69,1,2021-02-16T00:00:00.000,Agree,Agree
17442,2/15/2021,MA,559350,530735,28615,1573,93,15654,15342,312,43,0,2021-02-17T00:00:00.000,Agree,Agree
31470,2/16/2021,MA,560576,531702,28874,1226,259,15711,15397,314,57,2,2021-02-18T00:00:00.000,Agree,Agree
22729,2/17/2021,MA,561936,533024,28912,1360,38,15746,15429,317,35,3,2021-02-19T00:00:00.000,Agree,Agree
22434,2/18/2021,MA,563976,534827,29149,2040,237,15788,15470,318,42,1,2021-02-20T00:00:00.000,Agree,Agree
34297,2/19/2021,MA,565794,536506,29288,1818,139,15838,15520,318,50,0,2021-02-21T00:00:00.000,Agree,Agree
34558,2/20/2021,MA,567764,538328,29436,1970,148,15874,15554,320,36,2,2021-02-22T00:00:00.000,Agree,Agree
19634,2/21/2021,MA,569284,539644,29640,1520,204,15916,15594,322,42,2,2021-02-23T00:00:00.000,Agree,Agree
32013,2/22/2021,MA,570546,540794,29752,1262,112,15956,15634,322,40,0,2021-02-24T00:00:00.000,Agree,Agree
29709,2/23/2021,MA,571783,541908,29875,1237,123,15995,15673,322,39,0,2021-02-25T00:00:00.000,Agree,Agree
33364,2/24/2021,MA,573885,543696,30189,2102,314,16039,15716,323,44,1,2021-02-26T00:00:00.000,Agree,Agree
30855,2/25/2021,MA,575993,545624,30369,2108,180,16087,15763,324,48,1,2021-02-27T00:00:00.000,Agree,Agree
16730,2/26/2021,MA,577980,547358,30622,1987,253,16129,15805,324,42,0,2021-02-28T00:00:00.000,Agree,Agree
20101,2/27/2021,MA,579680,548874,30806,1700,184,16180,15856,324,51,0,2021-03-01T00:00:00.000,Agree,Agree
28794,2/28/2021,MA,581148,550302,30846,1468,40,16219,15894,325,39,1,2021-03-02T00:00:00.000,Agree,Agree
33573,3/1/2021,MA,582543,551550,30993,1395,147,16272,15942,330,53,5,2021-03-03T00:00:00.000,Agree,Agree
33268,3/2/2021,MA,582844,551667,31177,301,184,16303,15972,331,31,1,2021-03-04T00:00:00.000,Agree,Agree
22849,3/3/2021,MA,584743,553220,31523,1899,346,16333,16002,331,30,0,2021-03-05T00:00:00.000,Agree,Agree
20790,3/4/2021,MA,586310,554630,31680,1567,157,16384,16053,331,51,0,2021-03-06T00:00:00.000,Agree,Agree
20425,3/5/2021,MA,588209,556307,31902,1899,222,16420,16087,333,36,2,2021-03-07T00:00:00.000,Agree,Agree
30583,3/6/2021,MA,589931,557802,32129,1722,227,16453,16120,333,33,0,2021-03-08T00:00:00.000,Agree,Agree
33721,3/7/2021,MA,591356,559083,32273,1425,144,16479,16145,334,26,1,2021-03-09T00:00:00.000,Agree,Agree
33347,3/8/2021,MA,592344,559975,32369,988,96,16517,16183,334,38,0,2021-03-10T00:00:00.000,Agree,Agree
32118,3/9/2021,MA,593607,560981,32626,1263,257,16551,16217,334,34,0,2021-03-11T00:00:00.000,Agree,Agree
16514,3/10/2021,MA,595264,562394,32870,1657,244,16588,16254,334,37,0,2021-03-12T00:00:00.000,Agree,Agree
19013,3/11/2021,MA,597073,563983,33090,1809,220,16615,16281,334,27,0,2021-03-13T00:00:00.000,Agree,Agree
32435,3/12/2021,MA,598859,565560,33299,1786,209,16651,16316,335,36,1,2021-03-14T00:00:00.000,Agree,Agree
30625,3/13/2021,MA,600616,567108,33508,1757,209,16683,16348,335,32,0,2021-03-15T00:00:00.000,Agree,Agree
23114,3/14/2021,MA,602308,568616,33692,1692,184,16715,16380,335,32,0,2021-03-16T00:00:00.000,Agree,Agree
16760,3/15/2021,MA,603464,569620,33844,1156,152,16739,16404,335,24,0,2021-03-17T00:00:00.000,Agree,Agree
18933,3/16/2021,MA,604666,570638,34028,1202,184,16760,16425,335,21,0,2021-03-18T00:00:00.000,Agree,Agree
15859,3/17/2021,MA,606377,572278,34099,1711,71,16803,16468,335,43,0,2021-03-19T00:00:00.000,Agree,Agree
28266,3/18/2021,MA,608318,574135,34183,1941,84,16838,16502,336,35,1,2021-03-20T00:00:00.000,Agree,Agree
32278,3/19/2021,MA,610481,576022,34459,2163,276,16877,16540,337,39,1,2021-03-21T00:00:00.000,Agree,Agree
19850,3/20/2021,MA,612857,577902,34955,2376,496,16909,16570,339,32,2,2021-03-22T00:00:00.000,Agree,Agree
34471,3/21/2021,MA,614668,579580,35088,1811,133,16938,16598,340,29,1,2021-03-23T00:00:00.000,Agree,Agree
32177,3/22/2021,MA,615874,580683,35191,1206,103,16976,16636,340,38,0,2021-03-24T00:00:00.000,Agree,Agree
20956,3/23/2021,MA,617695,582159,35536,1821,345,17003,16662,341,27,1,2021-03-25T00:00:00.000,Agree,Agree
27923,3/24/2021,MA,619816,584024,35792,2121,256,17044,16703,341,41,0,2021-03-26T00:00:00.000,Agree,Agree
21221,3/25/2021,MA,622226,586298,35928,2410,136,17076,16735,341,32,0,2021-03-27T00:00:00.000,Agree,Agree
17111,3/26/2021,MA,624986,588599,36387,2760,459,17103,16762,341,27,0,2021-03-28T00:00:00.000,Agree,Agree
32789,3/27/2021,MA,627556,590961,36595,2570,208,17130,16789,341,27,0,2021-03-29T00:00:00.000,Agree,Agree
33815,3/28/2021,MA,629531,592778,36753,1975,158,17152,16811,341,22,0,2021-03-30T00:00:00.000,Agree,Agree
22454,3/29/2021,MA,631031,594242,36789,1500,36,17178,16836,342,26,1,2021-03-31T00:00:00.000,Agree,Agree
28420,3/30/2021,MA,633081,595925,37156,2050,367,17215,16873,342,37,0,2021-04-01T00:00:00.000,Agree,Agree
32774,3/31/2021,MA,635580,598177,37403,2499,247,17243,16900,343,28,1,2021-04-02T00:00:00.000,Agree,Agree
30165,4/1/2021,MA,638339,600632,37707,2759,304,17273,16929,344,30,1,2021-04-03T00:00:00.000,Agree,Agree
23285,4/2/2021,MA,640779,602792,37987,2440,280,17301,16957,344,28,0,2021-04-04T00:00:00.000,Agree,Agree
17863,4/3/2021,MA,643232,605055,38177,2453,190,17315,16969,346,14,2,2021-04-05T00:00:00.000,Agree,Agree
32693,4/4/2021,MA,643232,605055,38177,0,0,17330,16984,346,15,0,2021-04-06T00:00:00.000,Agree,Agree
22244,4/5/2021,MA,646220,607967,38253,2988,76,17341,16994,347,11,1,2021-04-07T00:00:00.000,Agree,Agree
33486,4/6/2021,MA,648023,609533,38490,1803,237,17355,17005,350,14,3,2021-04-08T00:00:00.000,Agree,Agree
34167,4/7/2021,MA,650573,611825,38748,2550,258,17362,17012,350,7,0,2021-04-09T00:00:00.000,Agree,Agree
28321,4/8/2021,MA,652966,613763,39203,2393,455,17369,17019,350,7,0,2021-04-10T00:00:00.000,Agree,Agree
17553,4/9/2021,MA,655278,615947,39331,2312,128,17387,17037,350,18,0,2021-04-11T00:00:00.000,Agree,Agree
16007,4/10/2021,MA,657578,618054,39524,2300,193,17401,17051,350,14,0,2021-04-12T00:00:00.000,Agree,Agree
31881,4/11/2021,MA,659569,619885,39684,1991,160,17408,17058,350,7,0,2021-04-13T00:00:00.000,Agree,Agree
17158,4/12/2021,MA,661101,621261,39840,1532,156,17419,17069,350,11,0,2021-04-14T00:00:00.000,Agree,Agree
22906,4/13/2021,MA,662699,622662,40037,1598,197,17427,17077,350,8,0,2021-04-15T00:00:00.000,Agree,Agree
28125,4/14/2021,MA,664943,624666,40277,2244,240,17436,17086,350,9,0,2021-04-16T00:00:00.000,Agree,Agree
22265,4/15/2021,MA,667066,626550,40516,2123,239,17446,17096,350,10,0,2021-04-17T00:00:00.000,Agree,Agree
16905,4/16/2021,MA,669282,628512,40770,2216,254,17455,17105,350,9,0,2021-04-18T00:00:00.000,Agree,Agree
20233,4/17/2021,MA,671250,630206,41044,1968,274,17469,17118,351,14,1,2021-04-19T00:00:00.000,Agree,Agree
16126,4/18/2021,MA,672657,631471,41186,1407,142,17478,17127,351,9,0,2021-04-20T00:00:00.000,Agree,Agree
19430,4/19/2021,MA,673974,632707,41267,1317,81,17490,17139,351,12,0,2021-04-21T00:00:00.000,Agree,Agree
16380,4/20/2021,MA,675162,633675,41487,1188,220,17500,17149,351,10,0,2021-04-22T00:00:00.000,Agree,Agree
32325,4/21/2021,MA,676758,635045,41713,1596,226,17513,17162,351,13,0,2021-04-23T00:00:00.000,Agree,Agree
21832,4/22/2021,MA,678386,636476,41910,1628,197,17523,17172,351,10,0,2021-04-24T00:00:00.000,Agree,Agree
28183,4/23/2021,MA,680007,637928,42079,1621,169,17531,17180,351,8,0,2021-04-25T00:00:00.000,Agree,Agree
20629,4/24/2021,MA,681570,639314,42256,1563,177,17541,17190,351,10,0,2021-04-26T00:00:00.000,Agree,Agree
19317,4/25/2021,MA,682784,640399,42385,1214,129,17548,17197,351,7,0,2021-04-27T00:00:00.000,Agree,Agree
18290,4/26/2021,MA,683665,641211,42454,881,69,17564,17213,351,16,0,2021-04-28T00:00:00.000,Agree,Agree
34492,4/27/2021,MA,684630,642036,42594,965,140,17577,17226,351,13,0,2021-04-29T00:00:00.000,Agree,Agree
19068,4/28/2021,MA,686243,643428,42815,1613,221,17588,17237,351,11,0,2021-04-30T00:00:00.000,Agree,Agree
20404,4/29/2021,MA,687638,644688,42950,1395,135,17603,17252,351,15,0,2021-05-01T00:00:00.000,Agree,Agree
33245,4/30/2021,MA,688973,645867,43106,1335,156,17610,17259,351,7,0,2021-05-02T00:00:00.000,Agree,Agree
34311,5/1/2021,MA,690279,646982,43297,1306,191,17617,17265,352,7,1,2021-05-03T00:00:00.000,Agree,Agree
34765,5/2/2021,MA,691172,647768,43404,893,107,17623,17271,352,6,0,2021-05-04T00:00:00.000,Agree,Agree
19354,5/3/2021,MA,691735,648249,43486,563,82,17632,17280,352,9,0,2021-05-05T00:00:00.000,Agree,Agree
34022,5/4/2021,MA,692589,648967,43622,854,136,17639,17286,353,7,1,2021-05-06T00:00:00.000,Agree,Agree
31324,5/5/2021,MA,693608,649855,43753,1019,131,17645,17292,353,6,0,2021-05-07T00:00:00.000,Agree,Agree
23276,5/6/2021,MA,694769,650859,43910,1161,157,17656,17303,353,11,0,2021-05-08T00:00:00.000,Agree,Agree
29396,5/7/2021,MA,695745,651740,44005,976,95,17664,17311,353,8,0,2021-05-09T00:00:00.000,Agree,Agree
34898,5/8/2021,MA,696540,652535,44005,795,0,17667,17313,354,3,1,2021-05-10T00:00:00.000,Agree,Agree
22282,5/9/2021,MA,697398,653190,44208,858,203,17682,17330,352,15,-2,2021-05-10T14:15:36.155,Agree,Agree
20240,5/10/2021,MA,697872,653636,44236,474,28,17698,17344,354,16,2,2021-05-11T13:53:24.290,Agree,Agree
34771,5/11/2021,MA,698427,654108,44319,555,83,17698,17344,354,0,0,2021-05-12T14:33:56.412,Agree,Agree
18306,5/12/2021,MA,699187,654734,44453,760,134,17712,17357,355,14,1,2021-05-13T14:28:07.060,Agree,Agree
18154,5/13/2021,MA,699908,655350,44558,721,105,17722,17366,356,10,1,2021-05-14T14:07:22.113,Agree,Agree
16571,5/14/2021,MA,700337,655687,44650,429,92,17742,17384,358,20,2,2021-05-15T13:54:58.561,Agree,Agree
34593,5/15/2021,MA,701490,656344,45146,1153,496,17747,17389,358,5,0,2021-05-16T13:46:12.437,Agree,Agree
18674,5/16/2021,MA,702039,656838,45201,549,55,17753,17394,359,6,1,2021-05-17T14:13:39.052,Agree,Agree
28090,5/17/2021,MA,702338,657119,45219,299,18,17772,17413,359,19,0,2021-05-18T14:26:44.043,Agree,Agree
30737,5/18/2021,MA,702776,657478,45298,438,79,17779,17419,360,7,1,2021-05-19T14:37:49.094,Agree,Agree
30128,5/19/2021,MA,703292,657903,45389,516,91,17794,17433,361,15,1,2021-05-20T15:08:06.001,Agree,Agree
16890,5/20/2021,MA,703897,658441,45456,605,67,17802,17442,360,8,-1,2021-05-21T14:08:46.635,Agree,Agree
19744,5/21/2021,MA,704345,658841,45504,448,48,17813,17453,360,11,0,2021-05-22T18:59:37.438,Agree,Agree
27206,5/22/2021,MA,704796,659246,45550,451,46,17818,17458,360,5,0,2021-05-23T13:37:59.772,Agree,Agree
18488,5/23/2021,MA,705142,659533,45609,346,59,17823,17463,360,5,0,2021-05-24T13:46:58.626,Agree,Agree
31683,5/24/2021,MA,705370,659721,45649,228,40,17825,17465,360,2,0,2021-05-25T14:17:06.810,Agree,Agree
30139,5/25/2021,MA,705598,659916,45682,228,33,17835,17475,360,10,0,2021-05-26T13:48:32.554,Agree,Agree
33928,5/26/2021,MA,706027,660298,45729,429,47,17841,17482,359,6,-1,2021-05-27T13:41:41.416,Agree,Agree
20159,5/27/2021,MA,706272,660513,45759,245,30,17850,17491,359,9,0,2021-05-28T13:29:21.497,Agree,Agree
33546,5/28/2021,MA,706559,660766,45793,287,34,17854,17495,359,4,0,2021-05-29T13:33:02.981,Agree,Agree
17068,5/29/2021,MA,706783,660969,45814,224,21,17868,17504,364,14,5,2021-05-30T13:32:12.197,Agree,Agree
16539,5/30/2021,MA,706945,661115,45830,162,16,17872,17508,364,4,0,2021-05-31T13:43:43.522,Agree,Agree
18381,5/31/2021,MA,707037,661204,45833,92,3,17872,17508,364,0,0,2021-06-01T15:18:33.855,Agree,Agree
32255,6/1/2021,MA,707131,661294,45837,94,4,17883,17520,363,11,-1,2021-06-02T14:35:40.709,Agree,Agree
28413,6/2/2021,MA,707265,661394,45871,134,34,17886,17523,363,3,0,2021-06-03T15:22:54.120,Agree,Agree
28120,6/3/2021,MA,707523,661635,45888,258,17,17893,17530,363,7,0,2021-06-04T14:56:57.843,Agree,Agree
34412,6/4/2021,MA,707723,661812,45911,200,23,17903,17540,363,10,0,2021-06-05T13:49:07.740,Agree,Agree
16740,6/5/2021,MA,707940,662028,45912,217,1,17907,17544,363,4,0,2021-06-06T13:36:52.304,Agree,Agree
32162,6/6/2021,MA,708083,662154,45929,143,17,17911,17548,363,4,0,2021-06-07T14:36:26.127,Agree,Agree
17261,6/7/2021,MA,708195,662243,45952,112,23,17915,17552,363,4,0,2021-06-08T15:05:30.028,Agree,Agree
18764,6/8/2021,MA,708316,662343,45973,121,21,17917,17554,363,2,0,2021-06-09T14:26:44.647,Agree,Agree
20428,6/9/2021,MA,708459,662459,46000,143,27,17922,17559,363,5,0,2021-06-10T14:48:23.402,Agree,Agree
31667,6/10/2021,MA,708579,662544,46035,120,35,17929,17566,363,7,0,2021-06-11T14:20:54.139,Agree,Agree
32056,6/11/2021,MA,708710,662665,46045,131,10,17937,17574,363,8,0,2021-06-12T14:13:34.935,Agree,Agree
31640,6/12/2021,MA,708836,662778,46058,126,13,17939,17576,363,2,0,2021-06-13T13:40:53.785,Agree,Agree
33884,6/13/2021,MA,708875,662811,46064,39,6,17939,17576,363,0,0,2021-06-14T15:07:59.968,Agree,Agree
33821,6/14/2021,MA,708933,662855,46078,58,14,17947,17584,363,8,0,2021-06-15T14:44:13.999,Agree,Agree
34254,6/15/2021,MA,709012,662910,46102,79,24,17949,17586,363,2,0,2021-06-16T15:10:20.490,Agree,Agree
22235,6/16/2021,MA,709080,662966,46114,68,12,17953,17590,363,4,0,2021-06-17T14:38:09.485,Agree,Agree
33475,6/17/2021,MA,709187,663048,46139,107,25,17957,17593,364,4,1,2021-06-18T13:48:26.536,Agree,Agree
18976,6/18/2021,MA,709255,663115,46140,68,1,17961,17597,364,4,0,2021-06-18T13:48:26.536,Agree,Agree
17441,6/19/2021,MA,709323,663182,46141,68,1,17965,17601,364,4,0,2021-06-18T13:48:26.536,Agree,Agree
18236,6/20/2021,MA,709395,663251,46144,72,3,17971,17607,364,6,0,2021-06-21T16:43:32.594,Agree,Agree
27237,6/21/2021,MA,709443,663299,46144,48,0,17976,17612,364,5,0,2021-06-22T14:36:11.498,Agree,Agree
16682,6/22/2021,MA,709476,663332,46144,33,0,17977,17613,364,1,0,2021-06-23T15:24:06.521,Agree,Agree
28581,6/23/2021,MA,709544,663400,46144,68,0,17982,17618,364,5,0,2021-06-24T15:16:23.268,Agree,Agree
20414,6/24/2021,MA,709622,663478,46144,78,0,17986,17622,364,4,0,2021-06-25T15:01:46.833,Agree,Agree
22003,6/25/2021,MA,709682,663538,46144,60,0,17987,17623,364,1,0,2021-06-26T14:17:39.224,Agree,Agree
17142,6/26/2021,MA,709738,663594,46144,56,0,17989,17625,364,2,0,2021-06-28T13:23:06.921,Agree,Agree
21339,6/27/2021,MA,709769,663625,46144,31,0,17990,17626,364,1,0,2021-06-28T15:02:46.769,Agree,Agree
32920,6/28/2021,MA,709810,663666,46144,41,0,17992,17628,364,2,0,2021-06-29T14:25:53.077,Agree,Agree
22217,6/29/2021,MA,709873,663729,46144,63,0,17993,17629,364,1,0,2021-06-30T14:11:39.088,Agree,Agree
31526,6/30/2021,MA,709966,663822,46144,93,0,17994,17630,364,1,0,2021-07-01T14:29:33.934,Agree,Agree
32566,7/1/2021,MA,710049,663898,46151,83,7,17997,17633,364,3,0,2021-07-02T13:55:07.236,Agree,Agree
34279,7/2/2021,MA,710138,663977,46161,89,10,17998,17634,364,1,0,2021-07-03T13:44:06.775,Agree,Agree
30253,7/3/2021,MA,710210,664044,46166,72,5,17999,17635,364,1,0,2021-07-05T13:25:13.278,Agree,Agree
21685,7/4/2021,MA,710282,664111,46171,72,5,18000,17636,364,1,0,2021-07-05T14:30:02.367,Agree,Agree
27843,7/5/2021,MA,710354,664178,46176,72,5,18001,17637,364,1,0,2021-07-06T13:52:24.339,Agree,Agree
29636,7/6/2021,MA,710428,664246,46182,74,6,18005,17640,365,4,1,2021-07-07T14:48:49.531,Agree,Agree
32676,7/7/2021,MA,710519,664307,46212,91,30,18008,17643,365,3,0,2021-07-08T14:26:57.178,Agree,Agree
31549,7/8/2021,MA,710629,664406,46223,110,11,18011,17646,365,3,0,2021-07-09T13:56:56.578,Agree,Agree
22316,7/9/2021,MA,710830,664575,46255,201,32,18011,17646,365,0,0,2021-07-10T14:17:36.847,Agree,Agree
18639,7/10/2021,MA,710940,664682,46258,110,3,18011,17646,365,0,0,2021-07-12T13:16:46.339,Agree,Agree
27853,7/11/2021,MA,711050,664789,46261,110,3,18011,17646,365,0,0,2021-07-12T14:22:55.239,Agree,Agree
27933,7/12/2021,MA,711162,664897,46265,112,4,18012,17647,365,1,0,2021-07-13T14:26:25.742,Agree,Agree
27616,7/13/2021,MA,711446,665088,46358,284,93,18012,17647,365,0,0,2021-07-14T14:14:34.461,Agree,Agree
28552,7/14/2021,MA,711676,665296,46380,230,22,18013,17648,365,1,0,2021-07-15T14:29:47.308,Agree,Agree
29188,7/15/2021,MA,711943,665532,46411,267,31,18017,17652,365,4,0,2021-07-16T14:03:13.679,Agree,Agree
27845,7/16/2021,MA,712272,665801,46471,329,60,18020,17655,365,3,0,2021-07-17T13:43:02.763,Agree,Agree
31953,7/17/2021,MA,712527,666040,46487,255,16,18021,17656,365,1,0,2021-07-19T13:20:07.101,Agree,Agree
17193,7/18/2021,MA,712782,666279,46503,255,16,18022,17657,365,1,0,2021-07-19T14:21:19.093,Agree,Agree
29319,7/19/2021,MA,713037,666518,46519,255,16,18024,17659,365,2,0,2021-07-20T14:48:47.072,Agree,Agree
34741,7/20/2021,MA,713489,666884,46605,452,86,18033,17665,368,9,3,2021-07-21T14:18:34.888,Agree,Agree
20623,7/21/2021,MA,714014,667341,46673,525,68,18035,17667,368,2,0,2021-07-22T15:06:50.836,Agree,Agree
20192,7/22/2021,MA,714556,667818,46738,542,65,18041,17673,368,6,0,2021-07-23T13:48:31.666,Agree,Agree
16800,7/23/2021,MA,715180,668404,46776,624,38,18046,17678,368,5,0,2021-07-24T14:21:11.369,Agree,Agree
23407,7/24/2021,MA,715603,668818,46785,423,9,18048,17680,368,2,0,2021-07-26T13:16:36.357,Agree,Agree
20693,7/25/2021,MA,716026,669232,46794,423,9,18050,17682,368,2,0,2021-07-26T13:52:25.259,Agree,Agree
19600,7/26/2021,MA,716452,669647,46805,426,11,18053,17685,368,3,0,2021-07-27T14:48:23.791,Agree,Agree
20675,7/27/2021,MA,717284,670304,46980,832,175,18065,17697,368,12,0,2021-07-28T13:51:39.509,Agree,Agree
19230,7/28/2021,MA,717944,670902,47042,660,62,18071,17703,368,6,0,2021-07-29T13:49:46.674,Agree,Agree
23205,7/29/2021,MA,718849,671644,47205,905,163,18079,17711,368,8,0,2021-07-30T14:36:41.067,Agree,Agree
21820,7/30/2021,MA,719780,672488,47292,931,87,18082,17714,368,3,0,2021-07-31T13:56:41.471,Agree,Agree
16585,7/31/2021,MA,720481,673172,47309,701,17,18082,17714,368,0,0,2021-08-02T12:48:14.485,Agree,Agree
33198,8/1/2021,MA,721182,673856,47326,701,17,18082,17714,368,0,0,2021-08-02T14:03:57.634,Agree,Agree
34722,8/2/2021,MA,721885,674542,47343,703,17,18084,17716,368,2,0,2021-08-03T14:29:23.404,Agree,Agree
22731,8/3/2021,MA,722986,675425,47561,1101,218,18086,17718,368,2,0,2021-08-04T15:17:10.514,Agree,Agree
22009,8/4/2021,MA,724018,676387,47631,1032,70,18091,17723,368,5,0,2021-08-05T14:32:13.471,Agree,Agree
28426,8/5/2021,MA,725189,677433,47756,1171,125,18093,17725,368,2,0,2021-08-06T14:53:58.556,Agree,Agree
16473,8/6/2021,MA,726395,678544,47851,1206,95,18095,17727,368,2,0,2021-08-07T14:00:45.465,Agree,Agree
16640,8/7/2021,MA,727278,679406,47872,883,21,18096,17728,368,1,0,2021-08-09T12:38:43.318,Agree,Agree
18404,8/8/2021,MA,728161,680268,47893,883,21,18097,17729,368,1,0,2021-08-09T14:44:15.398,Agree,Agree
18323,8/9/2021,MA,729047,681131,47916,886,23,18098,17730,368,1,0,2021-08-10T15:30:38.175,Agree,Agree
28238,8/10/2021,MA,730381,682240,48141,1334,225,18112,17743,369,14,1,2021-08-11T15:30:51.957,Agree,Agree
33023,8/11/2021,MA,731821,683608,48213,1440,72,18121,17751,370,9,1,2021-08-12T15:05:21.716,Agree,Agree
32117,8/12/2021,MA,733188,684836,48352,1367,139,18131,17761,370,10,0,2021-08-13T13:45:25.506,Agree,Agree
21369,8/13/2021,MA,734486,686018,48468,1298,116,18142,17772,370,11,0,2021-08-14T14:46:52.851,Agree,Agree
17857,8/14/2021,MA,735516,687016,48500,1030,32,18144,17774,370,2,0,2021-08-16T12:55:48.962,Agree,Agree
34094,8/15/2021,MA,736546,688014,48532,1030,32,18146,17776,370,2,0,2021-08-16T15:23:49.353,Agree,Agree
29501,8/16/2021,MA,737579,689014,48565,1033,33,18148,17778,370,2,0,2021-08-17T14:24:04.262,Agree,Agree
18223,8/17/2021,MA,739047,690268,48779,1468,214,18154,17784,370,6,0,2021-08-18T14:45:06.728,Agree,Agree
32286,8/18/2021,MA,740626,691720,48906,1579,127,18165,17795,370,11,0,2021-08-19T15:10:12.702,Agree,Agree
32003,8/19/2021,MA,742202,693093,49109,1576,203,18169,17799,370,4,0,2021-08-20T13:21:34.552,Agree,Agree
22039,8/20/2021,MA,743735,694552,49183,1533,74,18175,17805,370,6,0,2021-08-21T13:25:01.728,Agree,Agree
29928,8/21/2021,MA,744873,695663,49210,1138,27,18176,17806,370,1,0,2021-08-23T12:48:27.632,Agree,Agree
20107,8/22/2021,MA,746011,696774,49237,1138,27,18177,17807,370,1,0,2021-08-23T14:39:48.247,Agree,Agree
32985,8/23/2021,MA,747153,697887,49266,1142,29,18179,17809,370,2,0,2021-08-24T14:24:26.650,Agree,Agree
33011,8/24/2021,MA,748753,699177,49576,1600,310,18195,17825,370,16,0,2021-08-25T13:58:33.527,Agree,Agree
29905,8/25/2021,MA,750248,700577,49671,1495,95,18199,17828,371,4,1,2021-08-26T14:58:37.450,Agree,Agree
20051,8/26/2021,MA,752139,702370,49769,1891,98,18212,17841,371,13,0,2021-08-27T14:08:03.941,Agree,Agree
33446,8/27/2021,MA,753795,703961,49834,1656,65,18219,17847,372,7,1,2021-08-28T13:53:26.280,Agree,Agree
15923,8/28/2021,MA,755227,705321,49906,1432,72,18222,17850,372,3,0,2021-08-30T12:49:04.183,Agree,Agree
27953,8/29/2021,MA,756659,706681,49978,1432,72,18225,17853,372,3,0,2021-08-30T14:26:22.672,Agree,Agree
16983,8/30/2021,MA,758094,708042,50052,1435,74,18229,17857,372,4,0,2021-08-31T14:57:22.851,Agree,Agree
32544,8/31/2021,MA,759869,709599,50270,1775,218,18246,17874,372,17,0,2021-09-01T14:27:14.242,Agree,Agree
17369,9/1/2021,MA,761906,711395,50511,2037,241,18257,17885,372,11,0,2021-09-02T13:49:05.431,Agree,Agree
28260,9/2/2021,MA,763673,712988,50685,1767,174,18272,17899,373,15,1,2021-09-03T13:38:30.847,Agree,Agree
31778,9/3/2021,MA,765584,714691,50893,1911,208,18286,17909,377,14,4,2021-09-04T13:18:29.647,Agree,Agree
30513,9/4/2021,MA,767004,716062,50942,1420,49,18289,17912,377,3,0,2021-09-06T13:20:57.768,Agree,Agree
20892,9/5/2021,MA,768424,717433,50991,1420,49,18292,17915,377,3,0,2021-09-06T14:27:21.791,Agree,Agree
17876,9/6/2021,MA,769844,718804,51040,1420,49,18295,17918,377,3,0,2021-09-07T15:14:40.815,Agree,Agree
20923,9/7/2021,MA,771267,720175,51092,1423,52,18298,17921,377,3,0,2021-09-08T15:20:52.224,Agree,Agree
30278,9/8/2021,MA,772742,721537,51205,1475,113,18314,17936,378,16,1,2021-09-09T14:36:12.589,Agree,Agree
16850,9/9/2021,MA,775149,723633,51516,2407,311,18332,17954,378,18,0,2021-09-10T14:35:13.034,Agree,Agree
28121,9/10/2021,MA,777022,725359,51663,1873,147,18350,17972,378,18,0,2021-09-11T13:20:03.309,Agree,Agree
29352,9/11/2021,MA,778717,726943,51774,1695,111,18356,17978,378,6,0,2021-09-13T12:52:39.088,Agree,Agree
16264,9/12/2021,MA,780412,728527,51885,1695,111,18362,17984,378,6,0,2021-09-13T14:26:59.193,Agree,Agree
16779,9/13/2021,MA,782107,730111,51996,1695,111,18369,17991,378,7,0,2021-09-14T14:22:50.463,Agree,Agree
19269,9/14/2021,MA,783750,731564,52186,1643,190,18393,18015,378,24,0,2021-09-15T14:35:57.330,Agree,Agree
29481,9/15/2021,MA,786627,734280,52347,2877,161,18408,18030,378,15,0,2021-09-16T14:24:46.593,Agree,Agree
20499,9/16/2021,MA,788775,736279,52496,2148,149,18424,18046,378,16,0,2021-09-17T13:28:36.627,Agree,Agree
17631,9/17/2021,MA,790953,738303,52650,2178,154,18445,18062,383,21,5,2021-09-18T13:43:14.051,Agree,Agree
23188,9/18/2021,MA,792482,739757,52725,1529,75,18448,18064,384,3,1,2021-09-20T12:14:02.133,Agree,Agree
29808,9/19/2021,MA,794011,741211,52800,1529,75,18451,18066,385,3,1,2021-09-20T13:47:59.611,Agree,Agree
31605,9/20/2021,MA,795543,742667,52876,1532,76,18455,18069,386,4,1,2021-09-21T14:33:33.676,Agree,Agree
33571,9/21/2021,MA,796925,743950,52975,1382,99,18480,18094,386,25,0,2021-09-22T14:04:47.662,Agree,Agree
17678,9/22/2021,MA,798905,745771,53134,1980,159,18504,18118,386,24,0,2021-09-23T14:07:24.199,Agree,Agree
21287,9/23/2021,MA,800909,747656,53253,2004,119,18527,18141,386,23,0,2021-09-24T13:56:18.107,Agree,Agree
34494,9/24/2021,MA,802829,749440,53389,1920,136,18541,18154,387,14,1,2021-09-25T13:25:43.343,Agree,Agree
33239,9/25/2021,MA,804280,750805,53475,1451,86,18545,18158,387,4,0,2021-09-27T13:21:43.831,Agree,Agree
32869,9/26/2021,MA,805731,752170,53561,1451,86,18549,18162,387,4,0,2021-09-27T14:29:10.948,Agree,Agree
20106,9/27/2021,MA,807182,753535,53647,1451,86,18555,18168,387,6,0,2021-09-28T14:30:08.010,Agree,Agree
34702,9/28/2021,MA,808673,754915,53758,1491,111,18577,18190,387,22,0,2021-09-29T15:04:06.936,Agree,Agree
32690,9/29/2021,MA,810319,756363,53956,1646,198,18600,18213,387,23,0,2021-09-30T14:57:48.020,Agree,Agree
19971,9/30/2021,MA,811951,757849,54102,1632,146,18627,18240,387,27,0,2021-10-01T13:23:39.586,Agree,Agree
32321,10/1/2021,MA,813599,759392,54207,1648,105,18647,18260,387,20,0,2021-10-02T13:37:53.374,Agree,Agree
22036,10/2/2021,MA,814715,760486,54229,1116,22,18651,18264,387,4,0,2021-10-04T12:47:32.678,Agree,Agree
18239,10/3/2021,MA,815831,761580,54251,1116,22,18655,18268,387,4,0,2021-10-04T13:57:57.568,Agree,Agree
33191,10/4/2021,MA,816950,762675,54275,1119,24,18659,18272,387,4,0,2021-10-05T13:39:21.219,Agree,Agree
31060,10/5/2021,MA,818290,763859,54431,1340,156,18680,18293,387,21,0,2021-10-06T14:06:06.075,Agree,Agree
28502,10/6/2021,MA,819939,765351,54588,1649,157,18707,18320,387,27,0,2021-10-07T14:06:32.575,Agree,Agree
29209,10/7/2021,MA,821661,766883,54778,1722,190,18729,18342,387,22,0,2021-10-08T13:43:16.459,Agree,Agree
22636,10/8/2021,MA,823485,768466,55019,1824,241,18746,18358,388,17,1,2021-10-09T13:32:02.767,Agree,Agree
19847,10/9/2021,MA,824640,769582,55058,1155,39,18755,18367,388,9,0,2021-10-11T13:19:41.679,Agree,Agree
27720,10/10/2021,MA,825795,770698,55097,1155,39,18764,18376,388,9,0,2021-10-11T14:09:22.136,Agree,Agree
29468,10/11/2021,MA,826950,771814,55136,1155,39,18773,18385,388,9,0,2021-10-12T14:00:10.316,Agree,Agree
16704,10/12/2021,MA,828110,772932,55178,1160,42,18783,18394,389,10,1,2021-10-13T14:39:10.795,Agree,Agree
20314,10/13/2021,MA,829873,774403,55470,1763,292,18802,18413,389,19,0,2021-10-14T14:14:59.386,Agree,Agree
27764,10/14/2021,MA,831662,775963,55699,1789,229,18816,18427,389,14,0,2021-10-15T13:51:07.670,Agree,Agree
21562,10/15/2021,MA,833311,777475,55836,1649,137,18828,18439,389,12,0,2021-10-16T13:26:43.774,Agree,Agree
27852,10/16/2021,MA,834307,778413,55894,996,58,18831,18442,389,3,0,2021-10-18T12:41:38.760,Agree,Agree
16876,10/17/2021,MA,835303,779351,55952,996,58,18834,18445,389,3,0,2021-10-18T13:49:53.751,Agree,Agree
33152,10/18/2021,MA,836302,780290,56012,999,60,18838,18449,389,4,0,2021-10-19T15:01:15.717,Agree,Agree
34423,10/19/2021,MA,838347,782178,56169,2045,157,18864,18474,390,26,1,2021-10-20T14:03:53.515,Agree,Agree
22593,10/20/2021,MA,839817,783533,56284,1470,115,18875,18485,390,11,0,2021-10-21T13:44:20.341,Agree,Agree
34563,10/21/2021,MA,841198,784800,56398,1381,114,18896,18505,391,21,1,2021-10-22T14:05:10.898,Agree,Agree
21548,10/22/2021,MA,842652,786143,56509,1454,111,18911,18520,391,15,0,2021-10-23T13:42:15.801,Agree,Agree
28031,10/23/2021,MA,842652,786143,56509,0,0,18911,18520,391,0,0,2021-10-25T15:25:56.107,Agree,Agree
19098,10/24/2021,MA,842652,786143,56509,0,0,18911,18520,391,0,0,2021-10-25T17:00:46.399,Agree,Agree
33118,10/25/2021,MA,846044,789316,56728,3392,219,18931,18540,391,20,0,2021-10-26T13:58:33.944,Agree,Agree
20573,10/26/2021,MA,847512,790431,57081,1468,353,18956,18563,393,25,2,2021-10-27T14:21:35.386,Agree,Agree
21805,10/27/2021,MA,848947,791705,57242,1435,161,18970,18577,393,14,0,2021-10-28T14:08:30.340,Agree,Agree
18127,10/28/2021,MA,850531,793137,57394,1584,152,18985,18589,396,15,3,2021-10-29T14:10:26.857,Agree,Agree
21333,10/29/2021,MA,851922,794382,57540,1391,146,18996,18601,395,11,-1,2021-10-30T13:29:20.544,Agree,Agree
21871,10/30/2021,MA,851922,794382,57540,0,0,18996,18601,395,0,0,2021-11-01T12:51:18.861,Agree,Agree
30902,10/31/2021,MA,851922,794382,57540,0,0,18996,18601,395,0,0,2021-11-01T15:03:10.486,Agree,Agree
21078,11/1/2021,MA,855230,797625,57605,3308,65,19003,18608,395,7,0,2021-11-02T13:48:33.224,Agree,Agree
32754,11/2/2021,MA,856494,798691,57803,1264,198,19031,18633,398,28,3,2021-11-03T13:51:46.667,Agree,Agree
19148,11/3/2021,MA,857959,799981,57978,1465,175,19046,18648,398,15,0,2021-11-04T15:01:34.477,Agree,Agree
23340,11/4/2021,MA,859713,801567,58146,1754,168,19069,18671,398,23,0,2021-11-05T14:19:47.220,Agree,Agree
16037,11/5/2021,MA,861480,803165,58315,1767,169,19087,18689,398,18,0,2021-11-06T13:17:26.097,Agree,Agree
22262,11/6/2021,MA,861480,803165,58315,0,0,19087,18689,398,0,0,2021-11-08T13:55:23.618,Agree,Agree
21036,11/7/2021,MA,861480,803165,58315,0,0,19087,18689,398,0,0,2021-11-08T15:35:12.187,Agree,Agree
19424,11/8/2021,MA,865806,807204,58602,4326,287,19093,18695,398,6,0,2021-11-09T15:49:35.085,Agree,Agree
20087,11/9/2021,MA,867345,808601,58744,1539,142,19117,18719,398,24,0,2021-11-10T15:25:35.567,Agree,Agree
32203,11/10/2021,MA,869293,810346,58947,1948,203,19138,18739,399,21,1,2021-11-11T14:27:06.686,Agree,Agree
28002,11/11/2021,MA,869293,810346,58947,0,0,19138,18739,399,0,0,2021-11-12T17:03:41.531,Agree,Agree
32727,11/12/2021,MA,873281,814054,59227,3988,280,19159,18758,401,21,2,2021-11-13T14:31:27.149,Agree,Agree
18144,11/13/2021,MA,873281,814054,59227,0,0,19159,18758,401,0,0,2021-11-15T13:35:54.283,Agree,Agree
34268,11/14/2021,MA,873281,814054,59227,0,0,19159,18758,401,0,0,2021-11-15T15:24:41.114,Agree,Agree
19082,11/15/2021,MA,879127,819302,59825,5846,598,19189,18782,407,30,6,2021-11-16T14:59:01.658,Agree,Agree
20386,11/16/2021,MA,881310,821150,60160,2183,335,19214,18806,408,25,1,2021-11-17T16:09:28.720,Agree,Agree
34511,11/17/2021,MA,884299,823800,60499,2989,339,19235,18826,409,21,1,2021-11-18T16:58:36.538,Agree,Agree
20327,11/18/2021,MA,887889,826996,60893,3590,394,19244,18834,410,9,1,2021-11-19T15:04:49.744,Agree,Agree
34793,11/19/2021,MA,890733,829577,61156,2844,263,19268,18856,412,24,2,2021-11-20T14:50:36.735,Agree,Agree
21627,11/20/2021,MA,890733,829577,61156,0,0,19268,18856,412,0,0,2021-11-22T13:59:30.630,Agree,Agree
34676,11/21/2021,MA,890733,829577,61156,0,0,19268,18856,412,0,0,2021-11-22T15:21:21.914,Agree,Agree
31988,11/22/2021,MA,897874,836378,61496,7141,340,19284,18873,411,16,-1,2021-11-23T14:18:53.686,Agree,Agree
17102,11/23/2021,MA,900985,838994,61991,3111,495,19309,18897,412,25,1,2021-11-24T15:13:47.034,Agree,Agree
29009,11/24/2021,MA,904407,841972,62435,3422,444,19329,18915,414,20,2,2021-11-25T14:14:48.693,Agree,Agree
33936,11/25/2021,MA,904407,841972,62435,0,0,19329,18915,414,0,0,2021-11-26T14:12:52.035,Agree,Agree
30524,11/26/2021,MA,909705,847030,62675,5298,240,19351,18939,412,22,-2,2021-11-27T14:19:28.241,Agree,Agree
29868,11/27/2021,MA,909705,847030,62675,0,0,19351,18939,412,0,0,2021-11-29T13:20:44.042,Agree,Agree
30803,11/28/2021,MA,909705,847030,62675,0,0,19351,18939,412,0,0,2021-11-29T14:21:14.169,Agree,Agree
20151,11/29/2021,MA,915495,852527,62968,5790,293,19373,18960,413,22,1,2021-11-30T15:29:21.443,Agree,Agree
31854,11/30/2021,MA,919097,855442,63655,3602,687,19404,18991,413,31,0,2021-12-01T15:57:34.481,Agree,Agree
27418,12/1/2021,MA,924400,860280,64120,5303,465,19430,19016,414,26,1,2021-12-02T14:35:20.922,Agree,Agree
30183,12/2/2021,MA,930079,865450,64629,5679,509,19462,19047,415,32,1,2021-12-03T15:05:46.524,Agree,Agree
22893,12/3/2021,MA,935844,870629,65215,5765,586,19489,19074,415,27,0,2021-12-04T14:29:01.917,Agree,Agree
17378,12/4/2021,MA,935844,870629,65215,0,0,19489,19074,415,0,0,2021-12-06T13:50:49.266,Agree,Agree
31114,12/5/2021,MA,935844,870629,65215,0,0,19489,19074,415,0,0,2021-12-06T14:59:31.281,Agree,Agree
18621,12/6/2021,MA,947463,881828,65635,11619,420,19516,19100,416,27,1,2021-12-07T14:35:03.419,Agree,Agree
28743,12/7/2021,MA,951969,885548,66421,4506,786,19567,19151,416,51,0,2021-12-08T15:02:11.336,Agree,Agree
22543,12/8/2021,MA,957889,890951,66938,5920,517,19579,19163,416,12,0,2021-12-09T14:45:23.102,Agree,Agree
19948,12/9/2021,MA,963923,896423,67500,6034,562,19606,19190,416,27,0,2021-12-10T14:19:59.576,Agree,Agree
29732,12/10/2021,MA,969589,901430,68159,5666,659,19634,19217,417,28,1,2021-12-11T14:24:24.165,Agree,Agree
19786,12/11/2021,MA,969589,901430,68159,0,0,19634,19217,417,0,0,2021-12-13T13:44:32.797,Agree,Agree
30299,12/12/2021,MA,969589,901430,68159,0,0,19634,19217,417,0,0,2021-12-13T15:27:15.951,Agree,Agree
29348,12/13/2021,MA,981261,912508,68753,11672,594,19663,19243,420,29,3,2021-12-14T14:53:14.554,Agree,Agree
32718,12/14/2021,MA,985946,916547,69399,4685,646,19725,19304,421,62,1,2021-12-15T14:52:52.349,Agree,Agree
17405,12/15/2021,MA,991709,921680,70029,5763,630,19753,19331,422,28,1,2021-12-16T15:10:47.494,Agree,Agree
34610,12/16/2021,MA,998400,927563,70837,6691,808,19783,19361,422,30,0,2021-12-17T14:18:55.723,Agree,Agree
23045,12/17/2021,MA,1005470,933908,71562,7070,725,19829,19406,423,46,1,2021-12-18T14:58:45.027,Agree,Agree
27244,12/18/2021,MA,1005470,933908,71562,0,0,19829,19406,423,0,0,2021-12-20T14:01:33.649,Agree,Agree
22487,12/19/2021,MA,1005470,933908,71562,0,0,19829,19406,423,0,0,2021-12-20T15:18:49.276,Agree,Agree
29449,12/20/2021,MA,1019682,947625,72057,14212,495,19865,19434,431,36,8,2021-12-21T17:31:35.018,Agree,Agree
27606,12/21/2021,MA,1026129,953156,72973,6447,916,19927,19492,435,62,4,2021-12-22T14:47:22.436,Agree,Agree
32887,12/22/2021,MA,1034731,960973,73758,8602,785,19963,19525,438,36,3,2021-12-23T14:39:18.960,Agree,Agree
31123,12/23/2021,MA,1044522,970015,74507,9791,749,20011,19572,439,48,1,2021-12-24T14:15:59.508,Agree,Agree
20220,12/24/2021,MA,1055519,980055,75464,10997,957,20050,19604,446,39,7,2021-12-25T14:11:33.833,Agree,Agree
22508,12/25/2021,MA,1055519,980055,75464,0,0,20050,19604,446,0,0,2021-12-27T14:16:24.412,Agree,Agree
30655,12/26/2021,MA,1055519,980055,75464,0,0,20050,19604,446,0,0,2021-12-27T16:13:05.921,Agree,Agree
27844,12/27/2021,MA,1069310,993038,76272,13791,808,20075,19629,446,25,0,2021-12-28T17:00:54.976,Agree,Agree
31499,12/28/2021,MA,1079660,1002266,77394,10350,1122,20138,19692,446,63,0,2021-12-29T14:30:55.917,Agree,Agree
20917,12/29/2021,MA,1095825,1017429,78396,16165,1002,20183,19737,446,45,0,2021-12-30T14:41:22.486,Agree,Agree
21215,12/30/2021,MA,1117911,1038566,79345,22086,949,20221,19773,448,38,2,2021-12-31T14:32:16.906,Agree,Agree
17370,12/31/2021,MA,1140614,1059963,80651,22703,1306,20273,19821,452,52,4,2022-01-01T14:12:51.540,Agree,Agree
16229,1/1/2022,MA,1140614,1059963,80651,0,0,20273,19821,452,0,0,2022-01-03T13:55:55.033,Agree,Agree
21281,1/2/2022,MA,1140614,1059963,80651,0,0,20273,19821,452,0,0,2022-01-03T15:18:16.200,Agree,Agree
16156,1/3/2022,MA,1173704,1091147,82557,33090,1906,20315,19860,455,42,3,2022-01-04T14:43:16.993,Agree,Agree
22328,1/4/2022,MA,1192549,1107768,84781,18845,2224,20410,19954,456,95,1,2022-01-05T16:16:33.237,Agree,Agree
15893,1/5/2022,MA,1223354,1135380,87974,30805,3193,20464,20008,456,54,0,2022-01-06T14:32:45.907,Agree,Agree
22253,1/6/2022,MA,1250765,1159950,90815,27411,2841,20510,20051,459,46,3,2022-01-07T15:48:33.461,Agree,Agree
32307,1/7/2022,MA,1279928,1186137,93791,29163,2976,20568,20106,462,58,3,2022-01-08T14:31:47.092,Agree,Agree
31803,1/8/2022,MA,1279928,1186137,93791,0,0,20568,20106,462,0,0,2022-01-10T13:58:15.639,Agree,Agree
21191,1/9/2022,MA,1279928,1186137,93791,0,0,20568,20106,462,0,0,2022-01-10T15:08:19.537,Agree,Agree
18427,1/10/2022,MA,1344643,1247123,97520,64715,3729,20643,20159,484,75,22,2022-01-11T14:42:53.294,Agree,Agree
22681,1/11/2022,MA,1365608,1264925,100683,20965,3163,20763,20275,488,120,4,2022-01-12T15:21:08.371,Agree,Agree
31043,1/12/2022,MA,1389904,1287109,102795,24296,2112,20835,20350,485,72,-3,2022-01-13T14:34:51.057,Agree,Agree
28721,1/13/2022,MA,1411613,1305830,105783,21709,2988,20872,20386,486,37,1,2022-01-14T14:51:43.996,Agree,Agree
21650,1/14/2022,MA,1426283,1318694,107589,14670,1806,20939,20450,489,67,3,2022-01-15T14:59:30.476,Agree,Agree
21308,1/15/2022,MA,1426283,1318694,107589,0,0,20939,20450,489,0,0,2022-01-17T14:19:13.740,Agree,Agree
19225,1/16/2022,MA,1426283,1318694,107589,0,0,20939,20450,489,0,0,2022-01-17T15:24:48.868,Agree,Agree
32207,1/17/2022,MA,1426283,1318694,107589,0,0,20939,20450,489,0,0,2022-01-18T14:47:30.112,Agree,Agree
17832,1/18/2022,MA,1487277,1375183,112094,60994,4505,20999,20497,502,60,13,2022-01-19T15:44:00.483,Agree,Agree
30421,1/19/2022,MA,1503398,1389830,113568,16121,1474,21208,20696,512,209,10,2022-01-20T15:22:04.791,Agree,Agree
33455,1/20/2022,MA,1519783,1404214,115569,16385,2001,21295,20782,513,87,1,2022-01-21T14:36:23.144,Agree,Agree
19455,1/21/2022,MA,1535986,1418149,117837,16203,2268,21402,20884,518,107,5,2022-01-22T14:22:36.462,Agree,Agree
31732,1/22/2022,MA,1535986,1418149,117837,0,0,21402,20884,518,0,0,2022-01-24T14:28:34.913,Agree,Agree
23460,1/23/2022,MA,1535986,1418149,117837,0,0,21402,20884,518,0,0,2022-01-24T15:59:16.792,Agree,Agree
18220,1/24/2022,MA,1563019,1442661,120358,27033,2521,21514,20962,552,112,34,2022-01-25T14:33:43.281,Agree,Agree
20459,1/25/2022,MA,1571650,1449781,121869,8631,1511,21669,21107,562,155,10,2022-01-26T15:12:02.981,Agree,Agree
22790,1/26/2022,MA,1580605,1457699,122906,8955,1037,21752,21187,565,83,3,2022-01-27T14:52:03.278,Agree,Agree
31169,1/27/2022,MA,1590302,1466315,123987,9697,1081,21839,21271,568,87,3,2022-01-28T14:17:23.089,Agree,Agree
33996,1/28/2022,MA,1598451,1473496,124955,8149,968,21909,21336,573,70,5,2022-01-29T14:30:49.615,Agree,Agree
17594,1/29/2022,MA,1598451,1473496,124955,0,0,21909,21336,573,0,0,2022-01-31T15:12:12.486,Agree,Agree
30671,1/30/2022,MA,1598451,1473496,124955,0,0,21909,21336,573,0,0,2022-01-31T16:55:36.159,Agree,Agree
20690,1/31/2022,MA,1611594,1485623,125971,13143,1016,22034,21419,615,125,42,2022-02-01T14:22:23.406,Agree,Agree
30735,2/1/2022,MA,1614642,1488251,126391,3048,420,22164,21546,618,130,3,2022-02-02T15:18:51.610,Agree,Agree
27356,2/2/2022,MA,1620268,1493224,127044,5626,653,22255,21633,622,91,4,2022-02-03T15:01:36.475,Agree,Agree
18214,2/3/2022,MA,1625704,1498053,127651,5436,607,22316,21692,624,61,2,2022-02-04T15:29:18.642,Agree,Agree
21887,2/4/2022,MA,1630462,1502248,128214,4758,563,22379,21755,624,63,0,2022-02-05T14:28:34.797,Agree,Agree
28539,2/5/2022,MA,1630462,1502248,128214,0,0,22379,21755,624,0,0,2022-02-07T14:07:42.827,Agree,Agree
18288,2/6/2022,MA,1630462,1502248,128214,0,0,22379,21755,624,0,0,2022-02-07T15:36:42.070,Agree,Agree
30068,2/7/2022,MA,1637528,1508973,128555,7066,341,22472,21811,661,93,37,2022-02-08T15:02:12.460,Agree,Agree
28525,2/8/2022,MA,1639656,1510765,128891,2128,336,22602,21939,663,130,2,2022-02-09T14:50:57.398,Agree,Agree
29653,2/9/2022,MA,1642896,1513559,129337,3240,446,22675,22008,667,73,4,2022-02-10T14:57:07.333,Agree,Agree
30971,2/10/2022,MA,1645809,1516170,129639,2913,302,22737,22069,668,62,1,2022-02-11T14:35:19.435,Agree,Agree
17055,2/11/2022,MA,1648656,1518669,129987,2847,348,22791,22122,669,54,1,2022-02-12T14:17:24.406,Agree,Agree
28811,2/12/2022,MA,1648656,1518669,129987,0,0,22791,22122,669,0,0,2022-02-14T14:00:44.970,Agree,Agree
33229,2/13/2022,MA,1648656,1518669,129987,0,0,22791,22122,669,0,0,2022-02-14T14:48:15.142,Agree,Agree
31346,2/14/2022,MA,1652829,1522532,130297,4173,310,22856,22188,668,65,-1,2022-02-15T15:38:24.608,Agree,Agree
31592,2/15/2022,MA,1654513,1523991,130522,1684,225,22974,22278,696,118,28,2022-02-16T15:00:19.743,Agree,Agree
18181,2/16/2022,MA,1656412,1525644,130768,1899,246,23021,22324,697,47,1,2022-02-17T14:53:30.058,Agree,Agree
19820,2/17/2022,MA,1659075,1527970,131105,2663,337,23060,22361,699,39,2,2022-02-18T14:18:41.539,Agree,Agree
19368,2/18/2022,MA,1661206,1529953,131253,2131,148,23109,22408,701,49,2,2022-02-19T14:20:06.797,Agree,Agree
28609,2/19/2022,MA,1661206,1529953,131253,0,0,23109,22408,701,0,0,2022-02-21T20:09:45.575,Agree,Agree
15916,2/20/2022,MA,1661206,1529953,131253,0,0,23109,22408,701,0,0,2022-02-21T20:43:30.317,Agree,Agree
19379,2/21/2022,MA,1661206,1529953,131253,0,0,23109,22408,701,0,0,2022-02-22T14:17:25.194,Agree,Agree
32548,2/22/2022,MA,1665586,1534071,131515,4380,262,23157,22445,712,48,11,2022-02-23T15:07:10.507,Agree,Agree
33704,2/23/2022,MA,1666622,1535009,131613,1036,98,23293,22578,715,136,3,2022-02-24T14:32:28.833,Agree,Agree
29849,2/24/2022,MA,1668242,1536565,131677,1620,64,23341,22626,715,48,0,2022-02-25T15:09:12.667,Agree,Agree
22367,2/25/2022,MA,1669594,1537894,131700,1352,23,23370,22655,715,29,0,2022-02-26T14:15:52.215,Agree,Agree
27393,2/26/2022,MA,1669594,1537894,131700,0,0,23370,22655,715,0,0,2022-02-28T13:14:05.099,Agree,Agree
27434,2/27/2022,MA,1669594,1537894,131700,0,0,23370,22655,715,0,0,2022-02-28T14:56:19.501,Agree,Agree
21383,2/28/2022,MA,1671292,1539526,131766,1698,66,23424,22686,738,54,23,2022-03-01T15:28:54.594,Agree,Agree
34573,3/1/2022,MA,1672594,1540735,131859,1302,93,23488,22748,740,64,2,2022-03-02T14:48:48.818,Agree,Agree
31024,3/2/2022,MA,1673611,1541642,131969,1017,110,23525,22783,742,37,2,2022-03-03T14:58:52.601,Agree,Agree
20524,3/3/2022,MA,1674777,1542709,132068,1166,99,23553,22810,743,28,1,2022-03-04T15:15:42.592,Agree,Agree
23446,3/4/2022,MA,1675767,1543609,132158,990,90,23577,22833,744,24,1,2022-03-05T14:44:19.840,Agree,Agree
27417,3/5/2022,MA,1675767,1543609,132158,0,0,23577,22833,744,0,0,2022-03-07T13:47:14.233,Agree,Agree
30516,3/6/2022,MA,1675767,1543609,132158,0,0,23577,22833,744,0,0,2022-03-07T15:00:11.353,Agree,Agree
30428,3/7/2022,MA,1677619,1545303,132316,1852,158,23614,22855,759,37,15,2022-03-08T14:50:46.814,Agree,Agree
33680,3/8/2022,MA,1678247,1545910,132337,628,21,23679,22916,763,65,4,2022-03-09T14:28:56.248,Agree,Agree
32346,3/9/2022,MA,1679034,1546685,132349,787,12,23708,22944,764,29,1,2022-03-10T14:27:26.256,Agree,Agree
22530,3/10/2022,MA,1679921,1547487,132434,887,85,23732,22966,766,24,2,2022-03-11T15:18:11.113,Agree,Agree
19550,3/11/2022,MA,1680673,1548164,132509,752,75,23751,22980,771,19,5,2022-03-12T17:36:04.036,Agree,Agree
29871,3/12/2022,MA,1680673,1548164,132509,0,0,23751,22980,771,0,0,2022-03-14T12:45:51.635,Agree,Agree
17510,3/13/2022,MA,1680673,1548164,132509,0,0,23751,22980,771,0,0,2022-03-14T14:38:32.381,Agree,Agree
28980,3/14/2022,MA,1682693,1549684,133009,2020,500,19981,18886,1095,9,324,2022-03-15T13:23:04.978,Agree,Agree
32868,3/15/2022,MA,1683224,1550186,133038,531,29,19997,18902,1095,16,0,2022-03-16T13:23:12.328,Agree,Agree
31921,3/16/2022,MA,1684036,1550911,133125,812,87,20012,18916,1096,15,1,2022-03-17T14:31:57.856,Agree,Agree
16055,3/17/2022,MA,1685055,1551810,133245,1019,120,20023,18926,1097,11,1,2022-03-18T13:48:08.091,Agree,Agree
33060,3/18/2022,MA,1685937,1552623,133314,882,69,20029,18932,1097,6,0,2022-03-19T13:30:21.744,Agree,Agree
21551,3/19/2022,MA,1685937,1552623,133314,0,0,20029,18932,1097,0,0,2022-03-21T12:27:07.887,Agree,Agree
22971,3/20/2022,MA,1685937,1552623,133314,0,0,20029,18932,1097,0,0,2022-03-21T13:48:00.221,Agree,Agree
16323,3/21/2022,MA,1687720,1554316,133404,1783,90,20041,18939,1102,12,5,2022-03-22T13:39:13.038,Agree,Agree
21840,3/22/2022,MA,1688534,1555089,133445,814,41,20056,18954,1102,15,0,2022-03-23T15:04:18.824,Agree,Agree
34700,3/23/2022,MA,1689750,1556163,133587,1216,142,20058,18955,1103,2,1,2022-03-24T13:32:04.054,Agree,Agree
19095,3/24/2022,MA,1690983,1557249,133734,1233,147,20063,18960,1103,5,0,2022-03-25T13:28:21.485,Agree,Agree
31539,3/25/2022,MA,1692177,1558358,133819,1194,85,20072,18969,1103,9,0,2022-03-26T13:34:52.670,Agree,Agree
27572,3/26/2022,MA,1692177,1558358,133819,0,0,20072,18969,1103,0,0,2022-03-28T13:08:30.078,Agree,Agree
33001,3/27/2022,MA,1692177,1558358,133819,0,0,20072,18969,1103,0,0,2022-03-28T14:00:06.208,Agree,Agree
27376,3/28/2022,MA,1694801,1560788,134013,2624,194,20081,18972,1109,9,6,2022-03-29T13:30:11.606,Agree,Agree
20267,3/29/2022,MA,1695750,1561670,134080,949,67,20097,18988,1109,16,0,2022-03-30T14:13:09.223,Agree,Agree
16253,3/30/2022,MA,1697165,1562922,134243,1415,163,20098,18989,1109,1,0,2022-03-31T14:49:40.205,Agree,Agree
30704,3/31/2022,MA,1698761,1564394,134367,1596,124,20105,18996,1109,7,0,2022-04-01T13:54:34.570,Agree,Agree
18387,4/1/2022,MA,1700361,1565836,134525,1600,158,20115,19006,1109,10,0,2022-04-02T13:21:28.481,Agree,Agree
19565,4/2/2022,MA,1700361,1565836,134525,0,0,20115,19006,1109,0,0,2022-04-04T12:57:21.114,Agree,Agree
30474,4/3/2022,MA,1700361,1565836,134525,0,0,20115,19006,1109,0,0,2022-04-04T14:11:32.172,Agree,Agree
30427,4/4/2022,MA,1703457,1568724,134733,3096,208,20121,19006,1115,6,6,2022-04-05T13:16:42.030,Agree,Agree
31004,4/5/2022,MA,1704668,1569840,134828,1211,95,20134,19018,1116,13,1,2022-04-06T13:55:45.894,Agree,Agree
17500,4/6/2022,MA,1706160,1571136,135024,1492,196,20134,19021,1113,0,-3,2022-04-07T14:35:23.182,Agree,Agree
27224,4/7/2022,MA,1708136,1572896,135240,1976,216,20141,19028,1113,7,0,2022-04-08T13:45:38.728,Agree,Agree
27995,4/8/2022,MA,1709900,1574533,135367,1764,127,20143,19030,1113,2,0,2022-04-09T13:34:03.347,Agree,Agree
33774,4/9/2022,MA,1709900,1574533,135367,0,0,20143,19030,1113,0,0,2022-04-11T12:33:54.700,Agree,Agree
34386,4/10/2022,MA,1709900,1574533,135367,0,0,20143,19030,1113,0,0,2022-04-11T14:08:38.895,Agree,Agree
31657,4/11/2022,MA,1714167,1578533,135634,4267,267,20154,19037,1117,11,4,2022-04-12T13:55:12.503,Agree,Agree
22888,4/12/2022,MA,1716149,1580245,135904,1982,270,20166,19049,1117,12,0,2022-04-13T13:31:40.108,Agree,Agree
27957,4/13/2022,MA,1718387,1582214,136173,2238,269,20167,19050,1117,1,0,2022-04-14T15:28:01.203,Agree,Agree
21444,4/14/2022,MA,1721642,1585176,136466,3255,293,20169,19052,1117,2,0,2022-04-15T13:23:20.350,Agree,Agree
16709,4/15/2022,MA,1724369,1587646,136723,2727,257,20176,19059,1117,7,0,2022-04-16T13:28:29.420,Agree,Agree
16733,4/16/2022,MA,1724369,1587646,136723,0,0,20176,19059,1117,0,0,2022-04-18T13:38:16.665,Agree,Agree
20584,4/17/2022,MA,1724369,1587646,136723,0,0,20176,19059,1117,0,0,2022-04-18T14:50:08.437,Agree,Agree
27681,4/18/2022,MA,1724369,1587646,136723,0,0,20176,19059,1117,0,0,2022-04-19T13:21:35.477,Agree,Agree
17299,4/19/2022,MA,1731170,1594160,137010,6801,287,20181,19061,1120,5,3,2022-04-20T13:32:06.042,Agree,Agree
18827,4/20/2022,MA,1733156,1596013,137143,1986,133,20208,19085,1123,27,3,2022-04-21T13:21:03.561,Agree,Agree
32673,4/21/2022,MA,1735758,1598541,137217,2602,74,20219,19098,1121,11,-2,2022-04-22T14:15:21.481,Agree,Agree
17148,4/22/2022,MA,1738231,1600844,137387,2473,170,20222,19100,1122,3,1,2022-04-23T13:21:45.037,Agree,Agree
30312,4/23/2022,MA,1738231,1600844,137387,0,0,20222,19100,1122,0,0,2022-04-25T12:42:22.711,Agree,Agree
32592,4/24/2022,MA,1738231,1600844,137387,0,0,20222,19100,1122,0,0,2022-04-25T13:33:47.001,Agree,Agree
32911,4/25/2022,MA,1743980,1606287,137693,5749,306,20237,19110,1127,15,5,2022-04-26T13:17:03.377,Agree,Agree
17527,4/26/2022,MA,1746596,1608659,137937,2616,244,20238,19111,1127,1,0,2022-04-27T13:16:30.517,Agree,Agree
20182,4/27/2022,MA,1749776,1611466,138310,3180,373,20247,19119,1128,9,1,2022-04-28T13:30:29.266,Agree,Agree
29371,4/28/2022,MA,1753520,1614807,138713,3744,403,20257,19129,1128,10,0,2022-04-29T14:05:11.815,Agree,Agree
20043,4/29/2022,MA,1757103,1618006,139097,3583,384,20263,19136,1127,6,-1,2022-04-30T13:19:13.605,Agree,Agree
17380,4/30/2022,MA,1757103,1618006,139097,0,0,20263,19136,1127,0,0,2022-05-02T12:49:10.008,Agree,Agree
29272,5/1/2022,MA,1757103,1618006,139097,0,0,20263,19136,1127,0,0,2022-05-02T13:46:11.073,Agree,Agree
20696,5/2/2022,MA,1763854,1624296,139558,6751,461,20280,19142,1138,17,11,2022-05-03T13:21:33.744,Agree,Agree
32827,5/3/2022,MA,1766821,1626947,139874,2967,316,20292,19154,1138,12,0,2022-05-04T13:36:27.696,Agree,Agree
18242,5/4/2022,MA,1770301,1629932,140369,3480,495,20303,19168,1135,11,-3,2022-05-05T13:33:26.319,Agree,Agree
16053,5/5/2022,MA,1775311,1634308,141003,5010,634,20316,19181,1135,13,0,2022-05-06T13:14:55.510,Agree,Agree
29444,5/6/2022,MA,1779829,1638144,141685,4518,682,20334,19198,1136,18,1,2022-05-07T13:19:57.094,Agree,Agree
23559,5/7/2022,MA,1779829,1638144,141685,0,0,20334,19198,1136,0,0,2022-05-09T13:14:40.058,Agree,Agree
27910,5/8/2022,MA,1779829,1638144,141685,0,0,20334,19198,1136,0,0,2022-05-09T14:22:50.021,Agree,Agree
33603,5/9/2022,MA,1789116,1646769,142347,9287,662,20335,19199,1136,1,0,2022-05-10T13:23:16.092,Agree,Agree
27478,5/10/2022,MA,1792722,1649678,143044,3606,697,20357,19220,1137,22,1,2022-05-11T13:51:16.669,Agree,Agree
17278,5/11/2022,MA,1797308,1653674,143634,4586,590,20365,19227,1138,8,1,2022-05-12T13:16:14.294,Agree,Agree
16602,5/12/2022,MA,1803831,1659250,144581,6523,947,20383,19243,1140,18,2,2022-05-13T13:28:57.596,Agree,Agree
29867,5/13/2022,MA,1809309,1663904,145405,5478,824,20393,19252,1141,10,1,2022-05-14T13:28:26.564,Agree,Agree
27954,5/14/2022,MA,1809309,1663904,145405,0,0,20393,19252,1141,0,0,2022-05-16T13:02:07.357,Agree,Agree
21849,5/15/2022,MA,1809309,1663904,145405,0,0,20393,19252,1141,0,0,2022-05-16T14:11:38.948,Agree,Agree
16048,5/16/2022,MA,1821071,1674693,146378,11762,973,20409,19261,1148,16,7,2022-05-17T13:42:49.599,Agree,Agree
29232,5/17/2022,MA,1825247,1678118,147129,4176,751,20441,19291,1150,32,2,2022-05-18T13:45:25.384,Agree,Agree
21299,5/18/2022,MA,1830028,1682066,147962,4781,833,20453,19301,1152,12,2,2022-05-19T13:33:37.426,Agree,Agree
18916,5/19/2022,MA,1835665,1687023,148642,5637,680,20468,19315,1153,15,1,2022-05-20T13:21:56.391,Agree,Agree
19536,5/20/2022,MA,1840292,1690961,149331,4627,689,20478,19322,1156,10,3,2022-05-21T13:16:11.501,Agree,Agree
30751,5/21/2022,MA,1840292,1690961,149331,0,0,20478,19322,1156,0,0,2022-05-23T13:14:47.387,Agree,Agree
30137,5/22/2022,MA,1840292,1690961,149331,0,0,20478,19322,1156,0,0,2022-05-23T13:52:41.335,Agree,Agree
22956,5/23/2022,MA,1848655,1698587,150068,8363,737,20494,19330,1164,16,8,2022-05-24T13:28:12.857,Agree,Agree
30817,5/24/2022,MA,1851791,1701280,150511,3136,443,20533,19363,1170,39,6,2022-05-25T13:28:28.725,Agree,Agree
22859,5/25/2022,MA,1855500,1704364,151136,3709,625,20544,19375,1169,11,-1,2022-05-26T13:18:31.583,Agree,Agree
33913,5/26/2022,MA,1859460,1707849,151611,3960,475,20561,19392,1169,17,0,2022-05-27T13:29:41.638,Agree,Agree
22857,5/27/2022,MA,1863077,1710941,152136,3617,525,20574,19404,1170,13,1,2022-05-28T13:19:46.666,Agree,Agree
18284,5/28/2022,MA,1863077,1710941,152136,0,0,20574,19404,1170,0,0,2022-05-30T12:41:08.377,Agree,Agree
20563,5/29/2022,MA,1863077,1710941,152136,0,0,20574,19404,1170,0,0,2022-05-30T13:20:19.095,Agree,Agree
19047,5/30/2022,MA,1863077,1710941,152136,0,0,20574,19404,1170,0,0,2022-05-31T13:20:20.883,Agree,Agree
17310,5/31/2022,MA,1870836,1717970,152866,7759,730,20594,19410,1184,20,14,2022-06-01T13:35:39.330,Agree,Agree
20987,6/1/2022,MA,1873034,1719683,153351,2198,485,20627,19438,1189,33,5,2022-06-02T13:14:51.264,Agree,Agree
34903,6/2/2022,MA,1876130,1722244,153886,3096,535,20651,19462,1189,24,0,2022-06-03T13:21:31.579,Agree,Agree
15914,6/3/2022,MA,1879517,1725219,154298,3387,412,20663,19474,1189,12,0,2022-06-04T13:27:07.844,Agree,Agree
34223,6/4/2022,MA,1879517,1725219,154298,0,0,20663,19474,1189,0,0,2022-06-06T13:00:10.455,Agree,Agree
34295,6/5/2022,MA,1879517,1725219,154298,0,0,20663,19474,1189,0,0,2022-06-06T13:41:22.257,Agree,Agree
33557,6/6/2022,MA,1885034,1730279,154755,5517,457,20670,19480,1190,7,1,2022-06-07T13:16:16.231,Agree,Agree
19734,6/7/2022,MA,1887424,1732319,155105,2390,350,20692,19498,1194,22,4,2022-06-08T13:25:49.473,Agree,Agree
31498,6/8/2022,MA,1889548,1734099,155449,2124,344,20709,19514,1195,17,1,2022-06-09T13:20:35.720,Agree,Agree
31186,6/9/2022,MA,1891798,1736088,155710,2250,261,20726,19531,1195,17,0,2022-06-10T13:14:48.749,Agree,Agree
18576,6/10/2022,MA,1894169,1738138,156031,2371,321,20735,19538,1197,9,2,2022-06-11T13:22:12.778,Agree,Agree
34734,6/11/2022,MA,1894169,1738138,156031,0,0,20735,19538,1197,0,0,2022-06-13T12:26:25.333,Agree,Agree
29251,6/12/2022,MA,1894169,1738138,156031,0,0,20735,19538,1197,0,0,2022-06-13T14:45:26.670,Agree,Agree
34698,6/13/2022,MA,1898495,1742140,156355,4326,324,20763,19551,1212,28,15,2022-06-14T13:48:37.095,Agree,Agree
33814,6/14/2022,MA,1900376,1743508,156868,1881,513,20789,19573,1216,26,4,2022-06-15T13:42:39.709,Agree,Agree
21320,6/15/2022,MA,1902067,1745051,157016,1691,148,20800,19586,1214,11,-2,2022-06-16T13:16:57.927,Agree,Agree
33563,6/16/2022,MA,1903932,1746713,157219,1865,203,20809,19593,1216,9,2,2022-06-17T13:23:40.136,Agree,Agree
22414,6/17/2022,MA,1905719,1748276,157443,1787,224,20818,19601,1217,9,1,2022-06-18T13:33:11.044,Agree,Agree
33408,6/18/2022,MA,1905719,1748276,157443,0,0,20818,19601,1217,0,0,2022-06-20T12:19:49.675,Agree,Agree
34340,6/19/2022,MA,1905719,1748276,157443,0,0,20818,19601,1217,0,0,2022-06-20T12:58:38.696,Agree,Agree
30189,6/20/2022,MA,1905719,1748276,157443,0,0,20818,19601,1217,0,0,2022-06-21T14:25:47.726,Agree,Agree
21539,6/21/2022,MA,1910108,1752342,157766,4389,323,20835,19616,1219,17,2,2022-06-22T13:43:28.100,Agree,Agree
19062,6/22/2022,MA,1912004,1753978,158026,1896,260,20874,19651,1223,39,4,2022-06-23T13:25:04.415,Agree,Agree
22276,6/23/2022,MA,1913838,1755678,158160,1834,134,20881,19657,1224,7,1,2022-06-24T13:41:53.120,Agree,Agree
18316,6/24/2022,MA,1915764,1757405,158359,1926,199,20891,19667,1224,10,0,2022-06-25T13:21:08.877,Agree,Agree
18014,6/25/2022,MA,1915764,1757405,158359,0,0,20891,19667,1224,0,0,2022-06-27T12:14:52.417,Agree,Agree
22445,6/26/2022,MA,1915764,1757405,158359,0,0,20891,19667,1224,0,0,2022-06-27T13:15:35.345,Agree,Agree
17782,6/27/2022,MA,1919453,1760896,158557,3689,198,20901,19676,1225,10,1,2022-06-28T13:17:16.176,Agree,Agree
18568,6/28/2022,MA,1920969,1762215,158754,1516,197,20910,19684,1226,9,1,2022-06-29T13:17:31.712,Agree,Agree
29375,6/29/2022,MA,1922647,1763744,158903,1678,149,20935,19701,1234,25,8,2022-06-30T13:15:26.108,Agree,Agree
21348,6/30/2022,MA,1924702,1765659,159043,2055,140,20944,19709,1235,9,1,2022-07-01T13:36:08.438,Agree,Agree
27306,7/1/2022,MA,1926543,1767337,159206,1841,163,20953,19717,1236,9,1,2022-07-02T13:29:57.458,Agree,Agree
32766,7/2/2022,MA,1926543,1767337,159206,0,0,20953,19717,1236,0,0,2022-07-04T12:52:02.267,Agree,Agree
33004,7/3/2022,MA,1926543,1767337,159206,0,0,20953,19717,1236,0,0,2022-07-04T13:23:48.321,Agree,Agree
31584,7/4/2022,MA,1926543,1767337,159206,0,0,20953,19717,1236,0,0,2022-07-05T13:15:37.612,Agree,Agree
32746,7/5/2022,MA,1931029,1771427,159602,4486,396,20970,19732,1238,17,2,2022-07-06T13:26:32.803,Agree,Agree
18345,7/6/2022,MA,1932346,1772542,159804,1317,202,20996,19750,1246,26,8,2022-07-07T14:29:13.919,Agree,Agree
19911,7/7/2022,MA,1934384,1774241,160143,2038,339,21014,19768,1246,18,0,2022-07-08T13:25:51.265,Agree,Agree
34813,7/8/2022,MA,1936447,1776091,160356,2063,213,21035,19787,1248,21,2,2022-07-09T13:19:19.823,Agree,Agree
28446,7/9/2022,MA,1936447,1776091,160356,0,0,21035,19787,1248,0,0,2022-07-11T12:41:41.421,Agree,Agree
28268,7/10/2022,MA,1936447,1776091,160356,0,0,21035,19787,1248,0,0,2022-07-11T13:40:37.599,Agree,Agree
16568,7/11/2022,MA,1936447,1776091,160356,0,0,21035,19787,1248,0,0,2022-07-12T13:16:32.062,Agree,Agree
31188,7/12/2022,MA,1936447,1776091,160356,0,0,21035,19787,1248,0,0,2022-07-13T13:20:19.572,Agree,Agree
34465,7/13/2022,MA,1936447,1776091,160356,0,0,21035,19787,1248,0,0,2022-07-14T13:18:07.733,Agree,Agree
28822,7/14/2022,MA,1944319,1783187,161132,7872,776,21068,19818,1250,33,2,2022-07-15T13:16:22.656,Agree,Agree
17871,7/15/2022,MA,1944319,1783187,161132,0,0,21068,19818,1250,0,0,2022-07-16T13:18:18.526,Agree,Agree
28280,7/16/2022,MA,1944319,1783187,161132,0,0,21068,19818,1250,0,0,2022-07-18T13:03:55.010,Agree,Agree
29094,7/17/2022,MA,1944319,1783187,161132,0,0,21068,19818,1250,0,0,2022-07-18T13:37:41.128,Agree,Agree
20370,7/18/2022,MA,1944319,1783187,161132,0,0,21068,19818,1250,0,0,2022-07-19T13:17:10.110,Agree,Agree
17357,7/19/2022,MA,1944319,1783187,161132,0,0,21068,19818,1250,0,0,2022-07-20T13:20:19.167,Agree,Agree
